LaboCode;ExternSampleID;ID;Well;Call_M1;Result_M1;Call_M1;Result_M1;Call_M1;Result_M1;Call_M1;Result_M1;Call_M1;Result_M1;Call_final;Call_final_Kristof
24__007464;RAT-1266;RAT-1266;A01;A:A;W1W1;T:T;W2W2;A:A;W3W3;T:T;W4W4;A:A;W5W5;WW;WW
24__007465;RAT-1298;RAT-1298;B01;A:A;W1W1;T:T;W2W2;A:A;W3W3;T:T;W4W4;A:A;W5W5;WW;WW
24__007466;RAT-1295;RAT-1295;C01;T:T;M1M1;T:T;W2W2;?;;T:T;W4W4;?;?;M1M1;M1M1?
24__007467;RAT-1192;RAT-1192;D01;T:T;M1M1;T:T;W2W2;?;;T:T;W4W4;?;?;M1M1;M1M1?
24__007468;RAT-1289;RAT-1289;E01;T:A;M1W1;T:T;W2W2;A:A;W3W3;T:T;W4W4;A:A;W5W5;M1W;M1W
24__007469;RAT-1169;RAT-1169;F01;T:T;M1M1;T:T;W2W2;A:A;W3W3;T:T;W4W4;?;?;M1M1;M1M1?
24__007470;RAT-1198;RAT-1198;G01;A:A;W1W1;T:T;W2W2;A:A;W3W3;T:T;W4W4;A:A;W5W5;WW;WW
24__007471;RAT-1243;RAT-1243;H01;T:T;M1M1;T:T;W2W2;?;;T:T;W4W4;?;?;M1M1;M1M1?
24__007472;RAT-1177;RAT-1177;A02;A:A;W1W1;T:T;W2W2;A:A;W3W3;T:T;W4W4;A:A;W5W5;WW;WW
24__007473;RAT-1286;RAT-1286;B02;A:A;W1W1;T:T;W2W2;A:A;W3W3;T:T;W4W4;A:A;W5W5;WW;WW
24__007474;RAT-1199;RAT-1199;C02;A:A;W1W1;T:T;W2W2;A:A;W3W3;T:T;W4W4;A:A;W5W5;WW;WW
24__007475;RAT-1300;RAT-1300;D02;T:T;M1M1;T:T;W2W2;?;;T:T;W4W4;?;?;M1M1;M1M1?
24__007476;RAT-1282;RAT-1282;E02;A:A;W1W1;T:T;W2W2;A:A;W3W3;T:T;W4W4;A:A;W5W5;WW;WW
24__007477;RAT-1168;RAT-1168;F02;A:A;W1W1;T:T;W2W2;A:A;W3W3;T:T;W4W4;A:A;W5W5;WW;WW
24__007478;RAT-1213;RAT-1213;G02;T:T;M1M1;T:T;W2W2;A:A;W3W3;T:T;W4W4;?;?;M1M1;M1M1?
24__007479;RAT-1223;RAT-1223;H02;T:A;M1W1;T:T;W2W2;A:A;W3W3;T:T;W4W4;A:A;W5W5;M1W;M1W
24__007480;RAT-1294;RAT-1294;A03;A:A;W1W1;T:T;W2W2;A:A;W3W3;T:T;W4W4;A:A;W5W5;WW;WW
24__007481;RAT-1171;RAT-1171;B03;A:A;W1W1;T:T;W2W2;A:A;W3W3;T:T;W4W4;A:A;W5W5;WW;WW
24__007482;RAT-1273;RAT-1273;C03;A:A;W1W1;T:T;W2W2;A:A;W3W3;T:T;W4W4;A:A;W5W5;WW;WW
24__007483;RAT-1287;RAT-1287;D03;A:A;W1W1;T:T;W2W2;A:A;W3W3;T:T;W4W4;A:A;W5W5;WW;WW
24__007484;RAT-1281;RAT-1281;E03;A:A;W1W1;T:T;W2W2;A:A;W3W3;T:T;W4W4;A:A;W5W5;WW;WW
24__007485;RAT-1241;RAT-1241;F03;A:A;W1W1;T:T;W2W2;A:A;W3W3;T:T;W4W4;A:A;W5W5;WW;WW
24__007486;RAT-1221;RAT-1221;G03;A:A;W1W1;T:T;W2W2;A:A;W3W3;T:T;W4W4;A:A;W5W5;WW;WW
24__007487;RAT-1262;RAT-1262;H03;A:A;W1W1;T:T;W2W2;A:A;W3W3;T:T;W4W4;A:A;W5W5;WW;WW
24__007488;RAT-1280;RAT-1280;A04;T:A;M1W1;T:T;W2W2;A:A;W3W3;T:T;W4W4;A:A;W5W5;M1W;M1W
24__007489;RAT-1196;RAT-1196;B04;A:A;W1W1;T:T;W2W2;A:A;W3W3;T:T;W4W4;A:A;W5W5;WW;WW
24__007490;RAT-1261;RAT-1261;C04;A:A;W1W1;T:T;W2W2;A:A;W3W3;T:T;W4W4;A:A;W5W5;WW;WW
24__007491;RAT-1181;RAT-1181;D04;T:A;M1W1;T:T;W2W2;A:A;W3W3;T:T;W4W4;A:A;W5W5;M1W;M1W
24__007492;RAT-1252;RAT-1252;E04;A:A;W1W1;T:T;W2W2;A:A;W3W3;T:T;W4W4;A:A;W5W5;WW;WW
24__007493;RAT-1222;RAT-1222;F04;A:A;W1W1;T:T;W2W2;A:A;W3W3;T:T;W4W4;A:A;W5W5;WW;WW
24__007494;RAT-1165;RAT-1165;G04;T:A;M1W1;T:T;W2W2;A:A;W3W3;T:T;W4W4;A:A;W5W5;M1W;M1W
24__007495;RAT-1279;RAT-1279;H04;T:A;M1W1;T:T;W2W2;A:A;W3W3;T:T;W4W4;A:A;W5W5;M1W;M1W
24__007496;RAT-1197;RAT-1197;A05;T:A;M1W1;T:T;W2W2;A:A;W3W3;T:T;W4W4;A:A;W5W5;M1W;M1W
24__007497;RAT-1285;RAT-1285;B05;T:A;M1W1;T:T;W2W2;A:A;W3W3;T:T;W4W4;A:A;W5W5;M1W;M1W
24__007498;RAT-1175;RAT-1175;C05;A:A;W1W1;T:T;W2W2;A:A;W3W3;T:T;W4W4;A:A;W5W5;WW;WW
24__007499;RAT-1265;RAT-1265;D05;A:A;W1W1;T:T;W2W2;A:A;W3W3;T:T;W4W4;A:A;W5W5;WW;WW
24__007500;RAT-1271;RAT-1271;F05;A:A;W1W1;T:T;W2W2;A:A;W3W3;T:T;W4W4;A:A;W5W5;WW;WW
24__007501;RAT-1200;RAT-1200;G05;T:T;M1M1;T:T;W2W2;?;;T:T;W4W4;?;?;M1M1;M1M1?
24__007502;RAT-1194;RAT-1194;H05;T:T;M1M1;T:T;W2W2;?;;T:T;W4W4;?;?;M1M1;M1M1?
24__007503;RAT-1188;RAT-1188;A06;A:A;W1W1;T:T;W2W2;A:A;W3W3;T:T;W4W4;A:A;W5W5;WW;WW
24__007504;RAT-1170;RAT-1170;B06;T:T;M1M1;T:T;W2W2;?;;T:T;W4W4;?;?;M1M1;M1M1?
24__007505;RAT-1174;RAT-1174;C06;T:A;M1W1;T:T;W2W2;A:A;W3W3;T:T;W4W4;A:A;W5W5;M1W;M1W
24__007506;RAT-1274;RAT-1274;D06;A:A;W1W1;T:T;W2W2;A:A;W3W3;T:T;W4W4;A:A;W5W5;WW;WW
24__007507;RAT-1276;RAT-1276;E06;A:A;W1W1;T:T;W2W2;A:A;W3W3;T:T;W4W4;A:A;W5W5;WW;WW
24__007508;RAT-1180;RAT-1180;F06;T:A;M1W1;T:T;W2W2;A:A;W3W3;T:T;W4W4;A:A;W5W5;M1W;M1W
24__007509;RAT-1186;RAT-1186;G06;T:T;M1M1;T:T;W2W2;?;;T:T;W4W4;?;?;M1M1;M1M1?
24__007510;RAT-1187;RAT-1187;H06;A:A;W1W1;T:T;W2W2;A:A;W3W3;T:T;W4W4;A:A;W5W5;WW;WW
24__007511;RAT-1284;RAT-1284;A07;T:A;M1W1;T:T;W2W2;A:A;W3W3;T:T;W4W4;A:A;W5W5;M1W;M1W
24__007512;RAT-1297;RAT-1297;B07;T:A;M1W1;T:T;W2W2;A:A;W3W3;T:T;W4W4;A:A;W5W5;M1W;M1W
24__007513;RAT-1260;RAT-1260;C07;A:A;W1W1;T:T;W2W2;A:A;W3W3;T:T;W4W4;A:A;W5W5;WW;WW
24__007514;RAT-1214;RAT-1214;D07;A:A;W1W1;T:T;W2W2;A:A;W3W3;T:T;W4W4;A:A;W5W5;WW;WW
24__007515;RAT-1258;RAT-1258;E07;T:A;M1W1;T:T;W2W2;A:A;W3W3;T:T;W4W4;A:A;W5W5;M1W;M1W
24__007516;RAT-0423;RAT-0423;F07;A:A;W1W1;T:T;W2W2;A:A;W3W3;T:T;W4W4;A:A;W5W5;WW;WW
24__007517;RAT-0412;RAT-0412;G07;A:A;W1W1;A:T;M2W2;A:A;W3W3;T:T;W4W4;A:A;W5W5;M2W;M2W
24__007518;RAT-0722;RAT-0722;H07;A:A;W1W1;T:T;W2W2;A:A;W3W3;T:T;W4W4;A:A;W5W5;WW;WW
24__007519;RAT-0724;RAT-0724;A08;A:A;W1W1;T:T;W2W2;A:A;W3W3;T:T;W4W4;A:A;W5W5;WW;WW
24__007520;RAT-04482;RAT-0448;B08;A:A;W1W1;T:T;W2W2;A:A;W3W3;T:T;W4W4;A:A;W5W5;WW;WW
24__007521;RAT-0461;RAT-0461;C08;A:A;W1W1;T:T;W2W2;A:A;W3W3;T:T;W4W4;A:A;W5W5;WW;WW
24__007522;RAT-0444;RAT-0444;D08;A:A;;T:T;;?;;T:T;;A:A;;MissingData;MissingData
24__007523;RAT-0504;RAT-0504;E08;A:A;W1W1;T:T;W2W2;A:A;W3W3;T:T;W4W4;A:A;W5W5;WW;WW
24__007524;RAT-0728;RAT-0728;F08;A:A;W1W1;T:T;W2W2;A:A;W3W3;T:T;W4W4;A:A;W5W5;WW;WW
24__007525;RAT-0715;RAT-0715;G08;A:A;W1W1;A:T;M2W2;A:A;W3W3;T:T;W4W4;A:A;W5W5;M2W;M2W
24__007526;RAT-0733;RAT-0733;H08;A:A;W1W1;A:A;M2M2;A:A;W3W3;T:T;W4W4;A:A;W5W5;M2M2;M2M2
24__007527;RAT-0607DL93;RAT-0607;A09;A:A;W1W1;T:T;W2W2;A:A;W3W3;T:T;W4W4;A:A;W5W5;WW;WW
24__007528;RAT-0731;RAT-0731;B09;A:A;W1W1;T:T;W2W2;A:A;W3W3;T:T;W4W4;A:A;W5W5;WW;WW
24__007529;RAT-0716;RAT-0716;C09;A:A;W1W1;T:T;W2W2;A:A;W3W3;T:T;W4W4;A:A;W5W5;WW;WW
24__007530;RAT-0441;RAT-0441;D09;A:A;W1W1;T:T;W2W2;A:A;W3W3;T:T;W4W4;A:A;W5W5;WW;WW
24__007531;RAT-0685;RAT-0685;E09;A:A;W1W1;T:T;W2W2;A:A;W3W3;T:T;W4W4;A:A;W5W5;WW;WW
24__007532;RAT-0707DL91;RAT-0707;F09;A:A;W1W1;T:T;W2W2;A:A;W3W3;T:T;W4W4;A:A;W5W5;WW;WW
24__007533;RAT-0705DL92;RAT-0705;G09;A:A;W1W1;T:T;W2W2;A:A;W3W3;T:T;W4W4;A:A;W5W5;WW;WW
24__007534;RAT-0720;RAT-0720;H09;A:A;W1W1;T:T;W2W2;A:A;W3W3;T:T;W4W4;A:A;W5W5;WW;WW
24__007535;RAT-0702;RAT-0702;A10;A:A;W1W1;A:T;M2W2;A:A;W3W3;T:T;W4W4;A:A;W5W5;M2W;M2W
24__007536;RAT-0704DL98;RAT-0704;B10;A:A;W1W1;T:T;W2W2;A:A;W3W3;T:T;W4W4;A:A;W5W5;WW;WW
24__007537;RAT-0721;RAT-0721;C10;A:A;W1W1;T:T;W2W2;A:A;W3W3;T:T;W4W4;A:A;W5W5;WW;WW
24__007538;RAT-0452;RAT-0452;D10;A:A;W1W1;T:T;W2W2;A:A;W3W3;T:T;W4W4;A:A;W5W5;WW;WW
24__007542;RAT-0688DL53;RAT-0688;E10;A:A;W1W1;T:T;W2W2;A:A;W3W3;T:T;W4W4;A:A;W5W5;WW;WW
24__007543;RAT-0689DL62;RAT-0689;F10;A:A;W1W1;T:T;W2W2;A:A;W3W3;T:T;W4W4;A:A;W5W5;WW;WW
24__007544;RAT-0719DL63;RAT-0719;G10;?;?;?;?;?;?;?;?;?;?;NoData;NoData
24__007545;RAT-0703DL80;RAT-0703;H10;A:A;W1W1;T:T;W2W2;A:A;W3W3;T:T;W4W4;A:A;W5W5;WW;WW
24__007546;RAT-0675DL81;RAT-0675;A11;A:A;W1W1;T:T;W2W2;A:A;W3W3;T:T;W4W4;A:A;W5W5;WW;WW
24__007547;RAT-0706DL86;RAT-0706;B11;A:A;W1W1;T:T;W2W2;A:A;W3W3;T:T;W4W4;A:A;W5W5;WW;WW
24__007548;RAT-0736DL87;RAT-0736;C11;A:A;W1W1;T:T;W2W2;A:A;W3W3;T:T;W4W4;A:A;W5W5;WW;WW
24__007549;RAT-0696DL22;RAT-0696;D11;T:A;M1W1;T:T;W2W2;A:A;W3W3;T:T;W4W4;A:A;W5W5;M1W;M1W
24__007550;RAT-0606DL32;RAT-0606;E11;A:A;W1W1;T:T;W2W2;A:A;W3W3;T:T;W4W4;A:A;W5W5;WW;WW
24__007551;RAT-0692DL33;RAT-0692;F11;A:A;W1W1;T:T;W2W2;A:A;W3W3;T:T;W4W4;A:A;W5W5;WW;WW
24__007552;RAT-0726DL41;RAT-0726;G11;A:A;W1W1;T:T;W2W2;A:A;W3W3;T:T;W4W4;A:A;W5W5;WW;WW
24__007553;RAT-0693DL42;RAT-0693;H11;A:A;W1W1;T:T;W2W2;A:A;W3W3;T:T;W4W4;A:A;W5W5;WW;WW
24__007554;RAT-0690DL43;RAT-0690;A12;?;;?;;?;;?;;A:A;;MissingData;MissingData
24__007555;RAT-0694DL52;RAT-0694;B12;A:A;W1W1;A:T;M2W2;A:A;W3W3;T:T;W4W4;A:A;W5W5;M2W;M2W
24__007556;RAT-0608DL21;RAT-0608;C12;A:A;W1W1;T:T;W2W2;A:A;W3W3;T:T;W4W4;A:A;W5W5;WW;MissingData
24__007556;RAT-0695DL20;RAT-0695;D12;?;;T:T;;A:A;;T:T;;A:A;;MissingData;WW
24__007558;RAT-0700DL19;RAT-0700;E12;A:A;W1W1;T:T;W2W2;A:A;W3W3;T:T;W4W4;A:A;W5W5;WW;WW
24__007559;RAT-0699DL14;RAT-0699;F12;A:A;W1W1;T:T;W2W2;A:A;W3W3;T:T;W4W4;A:A;W5W5;WW;WW
24__007560;RAT-0697DL13;RAT-0697;G12;A:A;W1W1;T:T;W2W2;A:A;W3W3;T:T;W4W4;A:A;W5W5;WW;WW
24__007561;RAT-0674DL12;RAT-0674;A05;A:A;W1W1;T:T;W2W2;A:A;W3W3;T:T;W4W4;A:A;W5W5;WW;WW
24__007562;RAT-0610DL11;RAT-0610;A01;A:A;W1W1;T:T;W2W2;A:A;W3W3;T:T;W4W4;A:A;W5W5;WW;WW
24__007563;RAT-0681;RAT-0681;B01;A:A;W1W1;T:T;W2W2;A:A;W3W3;T:T;W4W4;A:A;W5W5;WW;WW
24__007564;RAT-1235;RAT-1235;C01;T:A;M1W1;T:T;W2W2;A:A;W3W3;T:T;W4W4;A:A;W5W5;M1W;M1W
24__007565;RAT-1259;RAT-1259;D01;T:A;M1W1;T:T;W2W2;A:A;W3W3;T:T;W4W4;A:A;W5W5;M1W;M1W
24__007566;RAT-1207;RAT-1207;E01;T:A;M1W1;T:T;W2W2;A:A;W3W3;T:T;W4W4;A:A;W5W5;M1W;M1W
24__007567;RAT-1257;RAT-1257;F01;T:T;M1M1;T:T;W2W2;?;;T:T;W4W4;?;?;M1M1;M1M1?
24__007568;RAT-1176;RAT-1176;G01;?;;?;;?;;?;;A:A;;MissingData;MissingData
24__007569;RAT-1245;RAT-1245;H01;T:A;M1W1;T:T;W2W2;A:A;W3W3;T:T;W4W4;A:A;W5W5;M1W;M1W
24__007570;RAT-1246;RAT-1246;A02;T:A;M1W1;T:T;W2W2;A:A;W3W3;T:T;W4W4;A:A;W5W5;M1W;M1W
24__007571;RAT-1256;RAT-1256;B02;T:A;M1W1;T:T;W2W2;A:A;W3W3;T:T;W4W4;A:A;W5W5;M1W;M1W
24__007572;RAT-12429;RAT-1242;C02;A:A;W1W1;T:T;W2W2;A:A;W3W3;T:T;W4W4;A:A;W5W5;WW;WW
24__007573;RAT-1254;RAT-1254;D02;?;;T:T;;?;;?;;?;;MissingData;MissingData
24__007574;RAT-1255;RAT-1255;E02;T:A;M1W1;T:T;W2W2;A:A;W3W3;T:T;W4W4;A:A;W5W5;M1W;M1W
24__007575;RAT-1204;RAT-1204;F02;T:A;M1W1;T:T;W2W2;A:A;W3W3;T:T;W4W4;A:A;W5W5;M1W;M1W
24__007576;RAT-1215;RAT-1215;G02;A:A;W1W1;T:T;W2W2;A:A;W3W3;T:T;W4W4;A:A;W5W5;WW;WW
24__007577;RAT-1216;RAT-1216;H02;A:A;W1W1;T:T;W2W2;A:A;W3W3;T:T;W4W4;A:A;W5W5;WW;WW
24__007578;RAT-1172;RAT-1172;A03;T:T;M1M1;T:T;W2W2;?;;T:T;W4W4;?;?;M1M1;M1M1?
24__007579;RAT-1206;RAT-1206;B03;T:T;M1M1;T:T;W2W2;?;;T:T;W4W4;?;?;M1M1;M1M1?
24__007580;RAT-1293;RAT-1293;C03;T:T;M1M1;T:T;W2W2;?;;T:T;W4W4;?;?;M1M1;M1M1?
24__007581;RAT-1202;RAT-1202;D03;T:T;M1M1;T:T;W2W2;?;;T:T;W4W4;?;?;M1M1;M1M1?
24__007582;RAT-1208;RAT-1208;E03;T:T;M1M1;T:T;W2W2;?;;T:T;W4W4;?;?;M1M1;M1M1?
24__007583;RAT-1212;RAT-1212;F03;T:T;M1M1;T:T;W2W2;?;;T:T;W4W4;?;?;M1M1;M1M1?
24__007584;RAT-1234;RAT-1234;G03;A:A;W1W1;T:T;W2W2;A:A;W3W3;T:T;W4W4;A:A;W5W5;WW;WW
24__007585;RAT-1296;RAT-1296;H03;T:A;M1W1;T:T;W2W2;A:A;W3W3;T:T;W4W4;A:A;W5W5;M1W;M1W
24__007586;RAT-1238;RAT-1238;A04;?;?;?;?;?;?;?;?;?;?;NoData;NoData
24__007587;RAT-1230;RAT-1230;B04;T:A;M1W1;T:T;W2W2;A:A;W3W3;T:T;W4W4;A:A;W5W5;M1W;M1W
24__007588;RAT-1228;RAT-1228;C04;A:A;W1W1;T:T;W2W2;A:A;W3W3;T:T;W4W4;A:A;W5W5;WW;WW
24__007589;RAT-1193;RAT-1193;D04;T:T;M1M1;T:T;W2W2;?;;T:T;W4W4;?;?;M1M1;M1M1?
24__007590;RAT-1237;RAT-1237;E04;A:A;W1W1;T:T;W2W2;A:A;W3W3;T:T;W4W4;A:A;W5W5;WW;WW
24__007591;RAT-1277;RAT-1277;F04;A:A;W1W1;T:T;W2W2;A:A;W3W3;T:T;W4W4;A:A;W5W5;WW;WW
24__007592;RAT-1291;RAT-1291;G04;A:A;W1W1;T:T;W2W2;A:A;W3W3;T:T;W4W4;A:A;W5W5;WW;WW
24__007593;RAT-1225;RAT-1225;H04;T:A;M1W1;T:T;W2W2;A:A;W3W3;T:T;W4W4;A:A;W5W5;M1W;M1W
24__007594;RAT-1288;RAT-1288;A05;A:A;W1W1;T:T;W2W2;A:A;W3W3;T:T;W4W4;A:A;W5W5;WW;WW
24__007595;RAT-1217;RAT-1217;B05;A:A;W1W1;T:T;W2W2;A:A;W3W3;T:T;W4W4;A:A;W5W5;WW;WW
24__007596;RAT-1299;RAT-1299;C05;T:A;M1W1;T:T;W2W2;A:A;W3W3;T:T;W4W4;A:A;W5W5;M1W;M1W
24__007597;RAT-1211;RAT-1211;D05;T:T;M1M1;T:T;W2W2;?;;T:T;W4W4;?;?;M1M1;M1M1?
24__007598;RAT-1247;RAT-1247;F05;T:T;M1M1;T:T;W2W2;?;;T:T;W4W4;?;?;M1M1;M1M1?
24__007599;RAT-1248;RAT-1248;G05;T:A;M1W1;T:T;W2W2;A:A;W3W3;T:T;W4W4;A:A;W5W5;M1W;M1W
24__007600;RAT-1210;RAT-1210;H05;T:A;M1W1;T:T;W2W2;A:A;W3W3;T:T;W4W4;A:A;W5W5;M1W;M1W
24__007601;RAT-1283;RAT-1283;A06;T:T;M1M1;T:T;W2W2;?;;T:T;W4W4;?;?;M1M1;M1M1?
24__007602;RAT-1278;RAT-1278;B06;T:A;M1W1;T:T;W2W2;A:A;W3W3;T:T;W4W4;A:A;W5W5;M1W;M1W
24__007603;RAT-1249;RAT-1249;C06;A:A;W1W1;T:T;W2W2;A:A;W3W3;T:T;W4W4;A:A;W5W5;WW;WW
24__007604;RAT-1201;RAT-1201;D06;T:A;M1W1;A:T;M2W2;A:A;W3W3;T:T;W4W4;A:A;W5W5;SPECIAAL;SPECIAAL
24__007605;RAT-1264;RAT-1264;E06;A:A;W1W1;T:T;W2W2;A:A;W3W3;T:T;W4W4;A:A;W5W5;WW;WW
24__007606;RAT-1233;RAT-1233;F06;A:A;W1W1;T:T;W2W2;A:A;W3W3;T:T;W4W4;A:A;W5W5;WW;WW
24__007607;RAT-1272;RAT-1272;G06;T:A;M1W1;T:T;W2W2;A:A;W3W3;T:T;W4W4;A:A;W5W5;M1W;M1W
24__007608;RAT-1195;RAT-1195;H06;T:A;M1W1;T:T;W2W2;A:A;W3W3;T:T;W4W4;A:A;W5W5;M1W;M1W
24__007609;RAT-1173;RAT-1173;A07;A:A;;T:T;;A:A;;?;;A:A;;MissingData;WW
24__007610;RAT-1290;RAT-1290;B07;A:A;W1W1;T:T;W2W2;A:A;W3W3;T:T;W4W4;A:A;W5W5;WW;WW
24__007611;RAT-1220;RAT-1220;C07;A:A;W1W1;T:T;W2W2;A:A;W3W3;T:T;W4W4;A:A;W5W5;WW;WW
24__007612;RAT-1209;RAT-1209;D07;T:A;M1W1;T:T;W2W2;A:A;W3W3;T:T;W4W4;A:A;W5W5;M1W;M1W
24__007613;RAT-1219;RAT-1219;E07;A:A;W1W1;T:T;W2W2;A:A;W3W3;T:T;W4W4;A:A;W5W5;WW;WW
24__007614;RAT-1218;RAT-1218;F07;A:A;W1W1;T:T;W2W2;A:A;W3W3;T:T;W4W4;A:A;W5W5;WW;WW
24__007615;RAT-1269;RAT-1269;G07;A:A;W1W1;T:T;W2W2;A:A;W3W3;T:T;W4W4;A:A;W5W5;WW;WW
24__007616;RAT-1236;RAT-1236;H07;T:A;M1W1;T:T;W2W2;A:A;W3W3;T:T;W4W4;A:A;W5W5;M1W;M1W
24__007617;RAT-1226;RAT-1226;A08;T:A;M1W1;T:T;W2W2;A:A;W3W3;T:T;W4W4;A:A;W5W5;M1W;M1W
24__007618;RAT-1239;RAT-1239;B08;T:A;M1W1;T:T;W2W2;A:A;W3W3;T:T;W4W4;A:A;W5W5;M1W;M1W
24__007619;RAT-1227;RAT-1227;C08;A:A;W1W1;T:T;W2W2;A:A;W3W3;T:T;W4W4;A:A;W5W5;WW;WW
24__007620;RAT-1268;RAT-1268;D08;A:A;W1W1;T:T;W2W2;A:A;W3W3;T:T;W4W4;A:A;W5W5;WW;WW
24__007621;RAT-1164;RAT-1164;E08;T:T;M1M1;T:T;W2W2;?;;T:T;W4W4;?;?;M1M1;M1M1?
24__007622;RAT-1292;RAT-1292;F08;A:A;W1W1;T:T;W2W2;A:A;W3W3;T:T;W4W4;A:A;W5W5;WW;WW
24__007623;RAT-1184;RAT-1184;G08;A:A;W1W1;T:T;W2W2;A:A;W3W3;T:T;W4W4;A:A;W5W5;WW;WW
24__007624;RAT-1275;RAT-1275;H08;T:A;M1W1;T:T;W2W2;A:A;W3W3;T:T;W4W4;A:A;W5W5;M1W;M1W
24__007625;RAT-1203;RAT-1203;A09;A:A;W1W1;T:T;W2W2;A:A;W3W3;T:T;W4W4;A:A;W5W5;WW;WW
24__007626;RAT-1178;RAT-1178;B09;T:A;M1W1;T:T;W2W2;A:A;W3W3;T:T;W4W4;A:A;W5W5;M1W;M1W
24__007627;RAT-1166;RAT-1166;C09;T:T;M1M1;T:T;W2W2;?;;T:T;W4W4;?;?;M1M1;M1M1?
24__007628;RAT-1240;RAT-1240;D09;T:T;M1M1;T:T;W2W2;?;;T:T;W4W4;?;?;M1M1;M1M1?
24__007629;RAT-1185;RAT-1185;E09;T:T;M1M1;T:T;W2W2;?;;T:T;W4W4;?;?;M1M1;M1M1?
24__007630;RAT-1179;RAT-1179;F09;T:T;M1M1;T:T;W2W2;A:A;W3W3;T:T;W4W4;A:A;W5W5;M1M1;M1M1
24__007631;RAT-1250;RAT-1250;G09;T:A;M1W1;T:T;W2W2;A:A;W3W3;T:T;W4W4;A:A;W5W5;M1W;M1W
24__007632;RAT-1270;RAT-1270;H09;A:A;W1W1;T:T;W2W2;A:A;W3W3;T:T;W4W4;A:A;W5W5;WW;WW
24__007633;RAT-1267;RAT-1267;A10;A:A;W1W1;T:T;W2W2;A:A;W3W3;T:T;W4W4;A:A;W5W5;WW;WW
24__007634;RAT-1232;RAT-1232;B10;A:A;;T:T;;A:A;;T:T;;?;;MissingData;WW
24__007635;RAT-1251;RAT-1251;C10;T:T;M1M1;T:T;W2W2;?;;T:T;W4W4;?;?;M1M1;M1M1?
24__007636;RAT-1182;RAT-1182;D10;A:A;W1W1;T:T;W2W2;A:A;W3W3;T:T;W4W4;A:A;W5W5;WW;WW
24__007637;RAT-1253;RAT-1253;E10;T:A;M1W1;T:T;W2W2;A:A;W3W3;T:T;W4W4;A:A;W5W5;M1W;M1W
24__007638;RAT-1190;RAT-1190;F10;A:A;W1W1;T:T;W2W2;A:A;W3W3;T:T;W4W4;A:A;W5W5;WW;WW
24__007639;RAT-1183;RAT-1183;G10;A:A;W1W1;T:T;W2W2;A:A;W3W3;T:T;W4W4;A:A;W5W5;WW;WW
24__007640;RAT-1191;RAT-1191;H10;T:A;M1W1;T:T;W2W2;A:A;W3W3;T:T;W4W4;A:A;W5W5;M1W;M1W
24__007641;RAT-1242;RAT-1242;A11;T:A;M1W1;T:T;W2W2;A:A;W3W3;T:T;W4W4;A:A;W5W5;M1W;M1W
24__007642;RAT-1244;RAT-1244;B11;T:A;M1W1;T:T;W2W2;A:A;W3W3;T:T;W4W4;A:A;W5W5;M1W;M1W
24__007643;RAT-1263;RAT-1263;C11;T:A;M1W1;T:T;W2W2;A:A;W3W3;T:T;W4W4;A:A;W5W5;M1W;M1W
24__007644;RAT-0123;RAT-0123;D11;A:A;W1W1;T:T;W2W2;A:A;W3W3;T:T;W4W4;A:A;W5W5;WW;WW
24__007645;RAT-0132;RAT-0132;E11;A:A;W1W1;T:T;W2W2;A:A;W3W3;T:T;W4W4;A:A;W5W5;WW;WW
24__007646;RAT-0133;RAT-0133;F11;A:A;W1W1;T:T;W2W2;A:A;W3W3;T:T;W4W4;A:A;W5W5;WW;WW
24__007647;RAT-0151;RAT-0151;G11;A:A;W1W1;T:T;W2W2;A:A;W3W3;T:T;W4W4;A:A;W5W5;WW;WW
24__007648;RAT-0134;RAT-0134;H11;T:A;M1W1;T:T;W2W2;A:A;W3W3;T:T;W4W4;A:A;W5W5;M1W;M1W
24__007649;RAT-0515;RAT-0515;A12;A:A;W1W1;T:T;W2W2;A:A;W3W3;T:T;W4W4;A:A;W5W5;WW;WW
24__007650;RAT-0514;RAT-0514;B12;T:A;M1W1;T:T;W2W2;A:A;W3W3;T:T;W4W4;A:A;W5W5;M1W;M1W
24__007651;RAT-0516;RAT-0516;C12;T:T;M1M1;T:T;W2W2;?;;T:T;W4W4;?;?;M1M1;M1M1?
24__007652;RAT-0525;RAT-0525;D12;A:A;W1W1;T:T;W2W2;A:A;W3W3;T:T;W4W4;A:A;W5W5;WW;WW
24__007653;RAT-0111;RAT-0111;E12;A:A;W1W1;T:T;W2W2;A:A;W3W3;T:T;W4W4;A:A;W5W5;WW;WW
24__007654;RAT-0121;RAT-0121;F12;A:A;W1W1;T:T;W2W2;A:A;W3W3;T:T;W4W4;A:A;W5W5;WW;WW
24__007655;RAT-0141;RAT-0141;G12;A:A;W1W1;T:T;W2W2;A:A;W3W3;T:T;W4W4;A:A;W5W5;WW;WW
24__007656;RAT-0143;RAT-0143;B05;T:A;M1W1;T:T;W2W2;A:A;W3W3;T:T;W4W4;A:A;W5W5;M1W;M1W
24__007657;RAT-0131;RAT-0131;A01;T:A;M1W1;A:T;M2W2;A:A;W3W3;T:T;W4W4;A:A;W5W5;SPECIAAL;SPECIAAL
24__007658;RAT-0122;RAT-0122;B01;A:A;W1W1;T:T;W2W2;A:A;W3W3;T:T;W4W4;A:A;W5W5;WW;WW
24__007659;RAT-0142;RAT-0142;C01;A:A;W1W1;T:T;W2W2;A:A;W3W3;T:T;W4W4;A:A;W5W5;WW;WW
24__007660;RAT-0113;RAT-0113;D01;A:A;W1W1;T:T;W2W2;A:A;W3W3;T:T;W4W4;A:A;W5W5;WW;WW
24__007661;RAT-0112;RAT-0112;E01;A:A;W1W1;T:T;W2W2;A:A;W3W3;T:T;W4W4;A:A;W5W5;WW;WW
24__007662;RAT-0114;RAT-0114;F01;A:A;W1W1;T:T;W2W2;A:A;W3W3;T:T;W4W4;A:A;W5W5;WW;WW
24__007663;RAT-0149;RAT-0149;G01;T:A;M1W1;T:T;W2W2;A:A;W3W3;T:T;W4W4;A:A;W5W5;M1W;M1W
24__007664;RAT-0127;RAT-0127;H01;A:A;W1W1;T:T;W2W2;A:A;W3W3;T:T;W4W4;A:A;W5W5;WW;WW
24__007665;RAT-0140;RAT-0140;A02;T:T;M1M1;T:T;W2W2;?;;T:T;W4W4;?;?;M1M1;M1M1?
24__007666;RAT-0147;RAT-0147;B02;T:A;M1W1;T:T;W2W2;A:A;W3W3;T:T;W4W4;A:A;W5W5;M1W;M1W
24__007667;RAT-0116;RAT-0116;C02;A:A;W1W1;T:T;W2W2;A:A;W3W3;T:T;W4W4;A:A;W5W5;WW;WW
24__007668;RAT-0146;RAT-0146;D02;A:A;W1W1;T:T;W2W2;A:A;W3W3;T:T;W4W4;A:A;W5W5;WW;WW
24__007669;RAT-0129;RAT-0129;E02;A:A;W1W1;T:T;W2W2;A:A;W3W3;T:T;W4W4;A:A;W5W5;WW;WW
24__007670;RAT-0137;RAT-0137;F02;A:A;;T:T;;A:A;;T:T;;?;;MissingData;WW
24__007671;RAT-0139;RAT-0139;G02;A:A;W1W1;T:T;W2W2;A:A;W3W3;T:T;W4W4;A:A;W5W5;WW;WW
24__007672;RAT-0144;RAT-0144;H02;A:A;W1W1;T:T;W2W2;A:A;W3W3;T:T;W4W4;A:A;W5W5;WW;WW
24__007673;RAT-0120;RAT-0120;A03;T:T;M1M1;T:T;W2W2;?;;T:T;W4W4;?;?;M1M1;M1M1?
24__007674;RAT-0136;RAT-0136;B03;T:A;M1W1;T:T;W2W2;A:A;W3W3;T:T;W4W4;A:A;W5W5;M1W;M1W
24__007675;RAT-0145;RAT-0145;C03;A:A;W1W1;T:T;W2W2;A:A;W3W3;T:T;W4W4;A:A;W5W5;WW;WW
24__007676;RAT-0126;RAT-0126;D03;T:T;M1M1;T:T;W2W2;?;;T:T;W4W4;?;?;M1M1;M1M1?
24__007677;RAT-0119;RAT-0119;E03;T:T;M1M1;T:T;W2W2;?;;T:T;W4W4;?;?;M1M1;M1M1?
24__007678;RAT-0130;RAT-0130;F03;T:A;M1W1;T:T;W2W2;A:A;W3W3;T:T;W4W4;A:A;W5W5;M1W;M1W
24__007679;RAT-0148;RAT-0148;G03;A:A;W1W1;T:T;W2W2;A:A;W3W3;T:T;W4W4;A:A;W5W5;WW;WW
24__007680;RAT-0117;RAT-0117;H03;A:A;W1W1;T:T;W2W2;A:A;W3W3;T:T;W4W4;A:A;W5W5;WW;WW
24__007681;RAT-0163;RAT-0163;A04;T:T;M1M1;T:T;W2W2;?;;T:T;W4W4;?;?;M1M1;M1M1?
24__007682;RAT-0161;RAT-0161;B04;T:T;M1M1;T:T;W2W2;?;;T:T;W4W4;?;?;M1M1;M1M1?
24__007683;RAT-0160;RAT-0160;C04;A:A;W1W1;T:T;W2W2;A:A;W3W3;T:T;W4W4;A:A;W5W5;WW;WW
24__007684;RAT-0158;RAT-0158;D04;A:A;W1W1;T:T;W2W2;A:A;W3W3;T:T;W4W4;A:A;W5W5;WW;WW
24__007685;RAT-0156;RAT-0156;E04;A:A;W1W1;T:T;W2W2;A:A;W3W3;T:T;W4W4;A:A;W5W5;WW;WW
24__007686;RAT-0159;RAT-0159;F04;A:A;;T:T;;A:A;;?;;A:A;;MissingData;WW
24__007687;RAT-0157;RAT-0157;G04;A:A;W1W1;T:T;W2W2;A:A;W3W3;T:T;W4W4;A:A;W5W5;WW;WW
24__007688;RAT-0162;RAT-0162;H04;T:A;M1W1;T:T;W2W2;A:A;W3W3;T:T;W4W4;A:A;W5W5;M1W;M1W
24__007689;RAT-0165;RAT-0165;A05;T:T;M1M1;T:T;W2W2;?;;T:T;W4W4;?;?;M1M1;M1M1?
24__007690;RAT-0167;RAT-0167;B05;T:T;M1M1;T:T;W2W2;?;;T:T;W4W4;?;?;M1M1;M1M1?
24__007691;RAT-0170;RAT-0170;C05;T:T;M1M1;T:T;W2W2;?;;T:T;W4W4;?;?;M1M1;M1M1?
24__007692;RAT-0154;RAT-0154;D05;A:A;W1W1;T:T;W2W2;A:A;W3W3;T:T;W4W4;A:A;W5W5;WW;WW
24__007693;RAT-0155;RAT-0155;F05;T:A;M1W1;T:T;W2W2;A:A;W3W3;T:T;W4W4;A:A;W5W5;M1W;M1W
24__007694;RAT-0164;RAT-0164;G05;T:A;M1W1;T:T;W2W2;A:A;W3W3;T:T;W4W4;A:A;W5W5;M1W;M1W
24__007695;RAT-0169;RAT-0169;H05;T:A;M1W1;T:T;W2W2;A:A;W3W3;T:T;W4W4;A:A;W5W5;M1W;M1W
24__007696;RAT-0168;RAT-0168;A06;A:A;W1W1;T:T;W2W2;A:A;W3W3;T:T;W4W4;A:A;W5W5;WW;WW
24__007697;RAT-0166;RAT-0166;B06;T:A;M1W1;T:T;W2W2;A:A;W3W3;T:T;W4W4;A:A;W5W5;M1W;M1W
24__007698;RAT-0171;RAT-0171;C06;A:A;W1W1;T:T;W2W2;A:A;W3W3;T:T;W4W4;A:A;W5W5;WW;WW
24__007699;RAT-0172;RAT-0172;D06;T:A;M1W1;T:T;W2W2;A:A;W3W3;T:T;W4W4;A:A;W5W5;M1W;M1W
24__007700;RAT-0175;RAT-0175;E06;A:A;W1W1;T:T;W2W2;A:A;W3W3;T:T;W4W4;A:A;W5W5;WW;WW
24__007701;RAT-0173;RAT-0173;F06;T:A;M1W1;T:T;W2W2;A:A;W3W3;T:T;W4W4;A:A;W5W5;M1W;M1W
24__007702;RAT-0177;RAT-0177;G06;T:A;M1W1;T:T;W2W2;A:A;W3W3;T:T;W4W4;A:A;W5W5;M1W;M1W
24__007703;RAT-0176;RAT-0176;H06;T:A;M1W1;T:T;W2W2;A:A;W3W3;T:T;W4W4;A:A;W5W5;M1W;M1W
24__007704;RAT-0179;RAT-0179;A07;A:A;W1W1;T:T;W2W2;A:A;W3W3;T:T;W4W4;A:A;W5W5;WW;WW
24__007705;RAT-0180;RAT-0180;B07;T:T;M1M1;T:T;W2W2;?;;T:T;W4W4;?;?;M1M1;M1M1?
24__007706;RAT-0178;RAT-0178;C07;T:A;M1W1;T:T;W2W2;A:A;W3W3;T:T;W4W4;A:A;W5W5;M1W;M1W
24__007707;RAT-0174;RAT-0174;D07;T:T;M1M1;T:T;W2W2;?;;T:T;W4W4;?;?;M1M1;M1M1?
24__007708;RAT-0150;RAT-0150;E07;A:A;W1W1;T:T;W2W2;A:A;W3W3;T:T;W4W4;A:A;W5W5;WW;WW
24__007709;RAT-0118;RAT-0118;F07;T:T;M1M1;T:T;W2W2;?;;T:T;W4W4;?;?;M1M1;M1M1?
24__007710;RAT-0128;RAT-0128;G07;A:A;W1W1;T:T;W2W2;A:A;W3W3;T:T;W4W4;A:A;W5W5;WW;WW
24__007711;RAT-0138;RAT-0138;H07;T:A;M1W1;T:T;W2W2;A:A;W3W3;T:T;W4W4;A:A;W5W5;M1W;M1W
24__007712;RAT-0578;RAT-0578;A08;A:A;W1W1;T:T;W2W2;A:A;W3W3;T:T;W4W4;A:A;W5W5;WW;WW
24__007713;RAT-0575;RAT-0575;B08;T:A;M1W1;T:T;W2W2;A:A;W3W3;T:T;W4W4;A:A;W5W5;M1W;M1W
24__007714;RAT-0570;RAT-0570;C08;T:T;M1M1;T:T;W2W2;?;;T:T;W4W4;?;?;M1M1;M1M1?
24__007715;RAT-0580;RAT-0580;D08;T:T;M1M1;T:T;W2W2;?;;T:T;W4W4;?;?;M1M1;M1M1?
24__007716;RAT-0569;RAT-0569;E08;T:A;M1W1;T:T;W2W2;A:A;W3W3;T:T;W4W4;A:A;W5W5;M1W;M1W
24__007717;RAT-0556;RAT-0556;F08;A:A;W1W1;T:T;W2W2;A:A;W3W3;T:T;W4W4;A:A;W5W5;WW;WW
24__007718;RAT-0564;RAT-0564;G08;T:A;M1W1;T:T;W2W2;A:A;W3W3;T:T;W4W4;A:A;W5W5;M1W;M1W
24__007719;RAT-0572;RAT-0572;H08;T:T;M1M1;T:T;W2W2;?;;T:T;W4W4;?;?;M1M1;M1M1?
24__007720;RAT-0589;RAT-0589;A09;T:A;M1W1;T:T;W2W2;A:A;W3W3;T:T;W4W4;A:A;W5W5;M1W;M1W
24__007721;RAT-0576;RAT-0576;B09;T:A;M1W1;T:T;W2W2;A:A;W3W3;T:T;W4W4;A:A;W5W5;M1W;M1W
24__007722;RAT-0574;RAT-0574;C09;T:A;M1W1;T:T;W2W2;A:A;W3W3;T:T;W4W4;A:A;W5W5;M1W;M1W
24__007723;RAT-0571;RAT-0571;D09;T:A;M1W1;T:T;W2W2;A:A;W3W3;T:T;W4W4;A:A;W5W5;M1W;M1W
24__007724;RAT-0573;RAT-0573;E09;T:T;M1M1;T:T;W2W2;?;;T:T;W4W4;?;?;M1M1;M1M1?
24__007725;RAT-0577;RAT-0577;F09;A:A;W1W1;T:T;W2W2;A:A;W3W3;T:T;W4W4;A:A;W5W5;WW;WW
24__007726;RAT-0579;RAT-0579;G09;A:A;W1W1;T:T;W2W2;A:A;W3W3;T:T;W4W4;A:A;W5W5;WW;WW
24__007727;RAT-0560;RAT-0560;H09;A:A;W1W1;T:T;W2W2;A:A;W3W3;T:T;W4W4;A:A;W5W5;WW;WW
24__007728;RAT-0561;RAT-0561;A10;T:T;M1M1;T:T;W2W2;?;;T:T;W4W4;?;?;M1M1;M1M1?
24__007729;RAT-0582;RAT-0582;B10;T:A;M1W1;T:T;W2W2;A:A;W3W3;T:T;W4W4;A:A;W5W5;M1W;M1W
24__007730;RAT-0583;RAT-0583;C10;A:A;W1W1;T:T;W2W2;A:A;W3W3;T:T;W4W4;A:A;W5W5;WW;WW
24__007731;RAT-0559;RAT-0559;D10;T:A;M1W1;T:T;W2W2;A:A;W3W3;T:T;W4W4;A:A;W5W5;M1W;M1W
24__007732;RAT-0558;RAT-0558;E10;A:A;W1W1;T:T;W2W2;A:A;W3W3;T:T;W4W4;A:A;W5W5;WW;WW
24__007733;RAT-0568;RAT-0568;F10;A:A;W1W1;T:T;W2W2;A:A;W3W3;T:T;W4W4;A:A;W5W5;WW;WW
24__007734;RAT-0567;RAT-0567;G10;T:A;M1W1;T:T;W2W2;A:A;W3W3;T:T;W4W4;A:A;W5W5;M1W;M1W
24__007735;RAT-0566;RAT-0566;H10;T:T;M1M1;T:T;W2W2;?;;T:T;W4W4;?;?;M1M1;M1M1?
24__007736;RAT-0557;RAT-0557;A11;T:A;M1W1;T:T;W2W2;A:A;W3W3;T:T;W4W4;A:A;W5W5;M1W;M1W
24__007737;RAT-0585;RAT-0585;B11;T:T;M1M1;T:T;W2W2;?;;T:T;W4W4;?;?;M1M1;M1M1?
24__007738;RAT-0584;RAT-0584;C11;T:A;M1W1;T:T;W2W2;A:A;W3W3;T:T;W4W4;A:A;W5W5;M1W;M1W
24__007739;RAT-0581;RAT-0581;D11;T:A;M1W1;T:T;W2W2;A:A;W3W3;T:T;W4W4;A:A;W5W5;M1W;M1W
24__007740;RAT-0586;RAT-0586;E11;T:A;M1W1;T:T;W2W2;A:A;W3W3;T:T;W4W4;A:A;W5W5;M1W;M1W
24__007741;RAT-0588;RAT-0588;F11;T:A;M1W1;T:T;W2W2;A:A;W3W3;T:T;W4W4;A:A;W5W5;M1W;M1W
24__007742;RAT-0583;RAT-0583;G11;A:A;W1W1;T:T;W2W2;A:A;W3W3;T:T;W4W4;A:A;W5W5;WW;WW
24__007743;RAT-0582;RAT-0582;H11;T:T;M1M1;T:T;W2W2;?;;T:T;W4W4;?;?;M1M1;M1M1?
24__007744;RAT-0587;RAT-0587;A12;T:T;M1M1;T:T;W2W2;?;;T:T;W4W4;?;?;M1M1;M1M1?
24__007745;RAT-0590;RAT-0590;B12;T:T;M1M1;T:T;W2W2;A:A;W3W3;T:T;W4W4;?;?;M1M1;M1M1?
24__007746;RAT-0565;RAT-0565;C12;T:A;M1W1;T:T;W2W2;A:A;W3W3;T:T;W4W4;A:A;W5W5;M1W;M1W
24__007747;RAT-0521;RAT-0521;D12;T:T;M1M1;T:T;W2W2;?;;T:T;W4W4;?;?;M1M1;M1M1?
24__007748;RAT-0517;RAT-0517;E12;T:T;M1M1;T:T;W2W2;G:G;M3M3;T:T;W4W4;?;?;SPECIAAL;SPECIAAL
24__007749;RAT-0524;RAT-0524;F12;T:A;M1W1;T:T;W2W2;A:A;W3W3;T:T;W4W4;A:A;W5W5;M1W;M1W
24__007750;RAT-0512;RAT-0512;G12;A:A;W1W1;T:T;W2W2;G:A;M3W3;T:T;W4W4;A:A;W5W5;M3W;M3W
24__007751;RAT-0523;RAT-0523;C05;T:A;M1W1;T:T;W2W2;A:A;W3W3;T:T;W4W4;A:A;W5W5;M1W;M1W
24__007752;RAT-0520;RAT-0520;A01;T:A;M1W1;T:T;W2W2;A:A;W3W3;T:T;W4W4;A:A;W5W5;M1W;M1W
24__007753;RAT-0518;RAT-0518;B01;T:A;M1W1;T:T;W2W2;A:A;W3W3;T:T;W4W4;A:A;W5W5;M1W;M1W
24__007754;RAT-0522;RAT-0522;C01;T:T;M1M1;T:T;W2W2;?;;T:T;W4W4;?;?;M1M1;M1M1?
24__007755;RAT-0519;RAT-0519;D01;T:A;M1W1;T:T;W2W2;A:A;W3W3;T:T;W4W4;A:A;W5W5;M1W;M1W
24__007756;RAT-0513;RAT-0513;E01;T:T;M1M1;T:T;W2W2;?;;T:T;W4W4;?;?;M1M1;M1M1?
24__007757;RAT-0540;RAT-0540;F01;T:T;M1M1;T:T;W2W2;A:A;W3W3;T:T;W4W4;?;?;M1M1;M1M1?
24__007758;RAT-0528;RAT-0528;G01;T:A;M1W1;T:T;W2W2;A:A;W3W3;T:T;W4W4;A:A;W5W5;M1W;M1W
24__007759;RAT-0526;RAT-0526;H01;A:A;W1W1;T:T;W2W2;A:A;W3W3;T:T;W4W4;A:A;W5W5;WW;WW
24__007760;RAT-0537;RAT-0537;A02;A:A;W1W1;T:T;W2W2;A:A;W3W3;T:T;W4W4;A:A;W5W5;WW;WW
24__007761;RAT-0527;RAT-0527;B02;T:T;M1M1;T:T;W2W2;?;;T:T;W4W4;?;?;M1M1;M1M1?
24__007762;RAT-0530;RAT-0530;C02;A:A;W1W1;T:T;W2W2;A:A;W3W3;T:T;W4W4;A:A;W5W5;WW;WW
24__007763;RAT-0539;RAT-0539;D02;T:A;M1W1;T:T;W2W2;A:A;W3W3;T:T;W4W4;A:A;W5W5;M1W;M1W
24__007764;RAT-0533;RAT-0533;E02;A:A;W1W1;T:T;W2W2;A:A;W3W3;T:T;W4W4;A:A;W5W5;WW;WW
24__007765;RAT-0532;RAT-0532;F02;A:A;W1W1;T:T;W2W2;A:A;W3W3;T:T;W4W4;A:A;W5W5;WW;WW
24__007766;RAT-0531;RAT-0531;G02;T:A;;?;;A:A;;T:T;;A:A;;MissingData;MissingData
24__007767;RAT-0545;RAT-0545;H02;A:A;W1W1;T:T;W2W2;A:A;W3W3;T:T;W4W4;A:A;W5W5;WW;WW
24__007768;RAT-0534;RAT-0534;A03;A:A;W1W1;T:T;W2W2;A:A;W3W3;T:T;W4W4;A:A;W5W5;WW;WW
24__007769;RAT-0543;RAT-0543;B03;A:A;W1W1;T:T;W2W2;A:A;W3W3;T:T;W4W4;A:A;W5W5;WW;WW
24__007770;RAT-0548;RAT-0548;C03;A:A;W1W1;T:T;W2W2;A:A;W3W3;T:T;W4W4;A:A;W5W5;WW;WW
24__007771;RAT-0552;RAT-0552;D03;A:A;W1W1;T:T;W2W2;A:A;W3W3;T:T;W4W4;A:A;W5W5;WW;WW
24__007772;RAT-0550;RAT-0550;E03;T:A;M1W1;T:T;W2W2;A:A;W3W3;T:T;W4W4;A:A;W5W5;M1W;M1W
24__007773;RAT-0555;RAT-0555;F03;A:A;W1W1;T:T;W2W2;A:A;W3W3;T:T;W4W4;A:A;W5W5;WW;WW
24__007774;RAT-0551;RAT-0551;G03;T:T;;?;;?;;T:T;;?;;MissingData;MissingData
24__007775;RAT-0542;RAT-0542;H03;A:A;W1W1;T:T;W2W2;A:A;W3W3;T:T;W4W4;A:A;W5W5;WW;WW
24__007776;RAT-0535;RAT-0535;A04;?;?;?;?;?;?;?;?;?;?;NoData;NoData
24__007777;RAT-0544;RAT-0544;B04;A:A;W1W1;T:T;W2W2;A:A;W3W3;T:T;W4W4;A:A;W5W5;WW;WW
24__007778;RAT-0538;RAT-0538;C04;A:A;W1W1;T:T;W2W2;A:A;W3W3;T:T;W4W4;A:A;W5W5;WW;WW
24__007779;RAT-0549;RAT-0549;D04;A:A;W1W1;T:T;W2W2;G:A;M3W3;T:T;W4W4;A:A;W5W5;M3W;M3W
24__007780;RAT-0536;RAT-0536;E04;T:A;M1W1;T:T;W2W2;A:A;W3W3;T:T;W4W4;A:A;W5W5;M1W;M1W
24__007781;RAT-0553;RAT-0553;F04;A:A;W1W1;T:T;W2W2;A:A;W3W3;T:T;W4W4;A:A;W5W5;WW;WW
24__007782;RAT-0554;RAT-0554;G04;T:A;M1W1;T:T;W2W2;A:A;W3W3;T:T;W4W4;A:A;W5W5;M1W;M1W
24__007783;RAT-0541;RAT-0541;H04;A:A;W1W1;T:T;W2W2;A:A;W3W3;T:T;W4W4;A:A;W5W5;WW;WW
24__007784;RAT-0547;RAT-0547;A05;T:A;M1W1;T:T;W2W2;A:A;W3W3;T:T;W4W4;A:A;W5W5;M1W;M1W
24__007785;RAT-0529;RAT-0529;B05;A:A;W1W1;T:T;W2W2;A:A;W3W3;T:T;W4W4;A:A;W5W5;WW;WW
24__007786;RAT-0546;RAT-0546;C05;?;?;?;?;?;?;?;?;?;?;NoData;NoData
24__007787;RAT-0416;RAT-0416;D05;A:A;W1W1;T:T;W2W2;A:A;W3W3;T:T;W4W4;A:A;W5W5;WW;WW
24__007788;RAT-0417;RAT-0417;F05;A:A;W1W1;T:T;W2W2;A:A;W3W3;T:T;W4W4;A:A;W5W5;WW;WW
24__007789;RAT-0415;RAT-0415;G05;A:A;W1W1;A:T;M2W2;A:A;W3W3;T:T;W4W4;A:A;W5W5;M2W;M2W
24__007790;RAT-0414;RAT-0414;H05;A:A;W1W1;A:A;M2M2;A:A;W3W3;T:T;W4W4;A:A;W5W5;M2M2;M2M2
24__007791;RAT-0418;RAT-0418;A06;A:A;W1W1;T:T;W2W2;A:A;W3W3;T:T;W4W4;A:A;W5W5;WW;WW
24__007792;RAT-0419;RAT-0419;B06;A:A;W1W1;T:T;W2W2;A:A;W3W3;T:T;W4W4;A:A;W5W5;WW;WW
24__007793;RAT-0413;RAT-0413;C06;A:A;W1W1;T:T;W2W2;A:A;W3W3;T:T;W4W4;A:A;W5W5;WW;WW
24__007794;RAT-0429;RAT-0429;D06;A:A;W1W1;T:T;W2W2;A:A;W3W3;T:T;W4W4;A:A;W5W5;WW;WW
24__007795;RAT-0428;RAT-0428;E06;A:A;W1W1;T:T;W2W2;A:A;W3W3;T:T;W4W4;A:A;W5W5;WW;WW
24__007796;RAT-0422;RAT-0422;F06;A:A;W1W1;T:T;W2W2;A:A;W3W3;T:T;W4W4;A:A;W5W5;WW;WW
24__007797;RAT-0424;RAT-0424;G06;T:T;M1M1;T:T;W2W2;?;;T:T;W4W4;?;?;M1M1;M1M1?
24__007798;RAT-0427;RAT-0427;H06;A:A;W1W1;T:T;W2W2;A:A;W3W3;T:T;W4W4;A:A;W5W5;WW;WW
24__007799;RAT-0420;RAT-0420;A07;A:A;W1W1;T:T;W2W2;A:A;W3W3;T:T;W4W4;A:A;W5W5;WW;WW
24__007800;RAT-0425;RAT-0425;B07;A:A;W1W1;A:T;M2W2;A:A;W3W3;T:T;W4W4;A:A;W5W5;M2W;M2W
24__007801;RAT-0426;RAT-0426;C07;T:T;M1M1;T:T;W2W2;?;;T:T;W4W4;?;?;M1M1;M1M1?
24__007802;RAT-0436;RAT-0436;D07;T:A;M1W1;T:T;W2W2;A:A;W3W3;T:T;W4W4;A:A;W5W5;M1W;M1W
24__007803;RAT-0439;RAT-0439;E07;A:A;W1W1;T:T;W2W2;A:A;W3W3;T:T;W4W4;A:A;W5W5;WW;WW
24__007804;RAT-0437;RAT-0437;F07;A:A;W1W1;A:T;M2W2;A:A;W3W3;T:T;W4W4;A:A;W5W5;M2W;M2W
24__007805;RAT-0435;RAT-0435;G07;A:A;W1W1;A:T;M2W2;A:A;W3W3;T:T;W4W4;A:A;W5W5;M2W;M2W
24__007806;RAT-0438;RAT-0438;H07;A:A;W1W1;T:T;W2W2;A:A;W3W3;T:T;W4W4;A:A;W5W5;WW;WW
24__007807;RAT-0430;RAT-0430;A08;T:A;M1W1;T:T;W2W2;A:A;W3W3;T:T;W4W4;A:A;W5W5;M1W;M1W
24__007808;RAT-0432;RAT-0432;B08;T:A;M1W1;T:T;W2W2;A:A;W3W3;T:T;W4W4;A:A;W5W5;M1W;M1W
24__007809;RAT-0446;RAT-0446;C08;A:A;W1W1;T:T;W2W2;A:A;W3W3;T:T;W4W4;A:A;W5W5;WW;WW
24__007810;RAT-0456;RAT-0456;D08;A:A;W1W1;T:T;W2W2;A:A;W3W3;T:T;W4W4;A:A;W5W5;WW;WW
24__007811;RAT-0449;RAT-0449;E08;A:A;W1W1;A:A;M2M2;A:A;W3W3;T:T;W4W4;A:A;W5W5;M2M2;M2M2
24__007812;RAT-0443;RAT-0443;F08;A:A;W1W1;A:T;M2W2;A:A;W3W3;T:T;W4W4;A:A;W5W5;M2W;M2W
24__007813;RAT-0447;RAT-0447;G08;A:A;W1W1;A:A;M2M2;A:A;W3W3;T:T;W4W4;A:A;W5W5;M2M2;M2M2
24__007814;RAT-0448;RAT-0448;H08;T:T;M1M1;T:T;W2W2;?;;T:T;W4W4;?;?;M1M1;M1M1?
24__007815;RAT-0445;RAT-0445;A09;A:A;;?;;A:A;;?;;A:A;;MissingData;MissingData
24__007816;RAT-0440;RAT-0440;B09;A:A;W1W1;T:T;W2W2;A:A;W3W3;T:T;W4W4;A:A;W5W5;WW;WW
24__007817;RAT-0453;RAT-0453;C09;A:A;W1W1;A:T;M2W2;A:A;W3W3;T:T;W4W4;A:A;W5W5;M2W;M2W
24__007818;RAT-0433;RAT-0433;D09;A:A;W1W1;A:A;M2M2;A:A;W3W3;T:T;W4W4;A:A;W5W5;M2M2;M2M2
24__007819;RAT-0471;RAT-0471;E09;A:A;W1W1;T:T;W2W2;A:A;W3W3;T:T;W4W4;A:A;W5W5;WW;WW
24__007820;RAT-0434;RAT-0434;F09;A:A;W1W1;A:A;M2M2;A:A;W3W3;T:T;W4W4;A:A;W5W5;M2M2;M2M2
24__007821;RAT-0457;RAT-0457;G09;A:A;W1W1;T:T;W2W2;A:A;W3W3;T:T;W4W4;A:A;W5W5;WW;WW
24__007822;RAT-0459;RAT-0459;H09;T:A;M1W1;T:T;W2W2;A:A;W3W3;T:T;W4W4;A:A;W5W5;M1W;M1W
24__007823;RAT-0454;RAT-0454;A10;T:A;M1W1;T:T;W2W2;A:A;W3W3;T:T;W4W4;A:A;W5W5;M1W;M1W
24__007824;RAT-0458;RAT-0458;B10;T:A;M1W1;T:T;W2W2;A:A;W3W3;T:T;W4W4;A:A;W5W5;M1W;M1W
24__007825;RAT-0450;RAT-0450;C10;A:A;W1W1;T:T;W2W2;A:A;W3W3;T:T;W4W4;A:A;W5W5;WW;WW
24__007826;RAT-0455;RAT-0455;D10;A:A;W1W1;A:T;M2W2;A:A;W3W3;T:T;W4W4;A:A;W5W5;M2W;M2W
24__007827;RAT-0451;RAT-0451;E10;T:A;M1W1;T:T;W2W2;A:A;W3W3;T:T;W4W4;A:A;W5W5;M1W;M1W
24__007828;RAT-0500;RAT-0500;F10;A:A;W1W1;T:T;W2W2;A:A;W3W3;T:T;W4W4;A:A;W5W5;WW;WW
24__007829;RAT-0507;RAT-0507;G10;T:A;M1W1;T:T;W2W2;A:A;W3W3;T:T;W4W4;A:A;W5W5;M1W;M1W
24__007830;RAT-0506;RAT-0506;H10;T:A;M1W1;T:T;W2W2;A:A;W3W3;T:T;W4W4;A:A;W5W5;M1W;M1W
24__007831;RAT-0466;RAT-0466;A11;T:A;M1W1;T:T;W2W2;A:A;W3W3;T:T;W4W4;A:A;W5W5;M1W;M1W
24__007832;RAT-0462;RAT-0462;B11;A:A;W1W1;A:T;M2W2;A:A;W3W3;T:T;W4W4;A:A;W5W5;M2W;M2W
24__007833;RAT-0468;RAT-0468;C11;T:A;M1W1;T:T;W2W2;A:A;W3W3;T:T;W4W4;A:A;W5W5;M1W;M1W
24__007834;RAT-0460;RAT-0460;D11;A:A;W1W1;T:T;W2W2;A:A;W3W3;T:T;W4W4;A:A;W5W5;WW;WW
24__007835;RAT-0465;RAT-0465;E11;A:A;W1W1;A:A;M2M2;A:A;W3W3;T:T;W4W4;A:A;W5W5;M2M2;M2M2
24__007836;RAT-0469;RAT-0469;F11;T:A;M1W1;T:T;W2W2;A:A;W3W3;T:T;W4W4;A:A;W5W5;M1W;M1W
24__007837;RAT-0467;RAT-0467;G11;A:A;W1W1;T:T;W2W2;A:A;W3W3;T:T;W4W4;A:A;W5W5;WW;WW
24__007838;RAT-0479;RAT-0479;H11;T:T;M1M1;T:T;W2W2;?;;T:T;W4W4;?;?;M1M1;M1M1?
24__007839;RAT-0476;RAT-0476;A12;T:A;M1W1;T:T;W2W2;A:A;W3W3;T:T;W4W4;A:A;W5W5;M1W;M1W
24__007840;RAT-0475;RAT-0475;B12;A:A;W1W1;A:T;M2W2;A:A;W3W3;T:T;W4W4;A:A;W5W5;M2W;M2W
24__007841;RAT-0473;RAT-0473;C12;A:A;W1W1;T:T;W2W2;A:A;W3W3;T:T;W4W4;A:A;W5W5;WW;WW
24__007842;RAT-0470;RAT-0470;D12;A:A;W1W1;T:T;W2W2;A:A;W3W3;T:T;W4W4;A:A;W5W5;WW;WW
24__007843;RAT-0472;RAT-0472;E12;T:A;M1W1;T:T;W2W2;A:A;W3W3;T:T;W4W4;A:A;W5W5;M1W;M1W
24__007844;RAT-0478;RAT-0478;F12;T:A;M1W1;T:T;W2W2;A:A;W3W3;T:T;W4W4;A:A;W5W5;M1W;M1W
24__007845;RAT-0481;RAT-0481;G12;T:A;M1W1;T:T;W2W2;A:A;W3W3;T:T;W4W4;A:A;W5W5;M1W;M1W
24__007846;RAT-0487;RAT-0487;D05;A:A;W1W1;T:T;W2W2;A:A;W3W3;T:T;W4W4;A:A;W5W5;WW;WW
24__007847;RAT-0485;RAT-0485;A01;A:A;W1W1;A:A;M2M2;A:A;W3W3;T:T;W4W4;A:A;W5W5;M2M2;M2M2
24__007848;RAT-0489;RAT-0489;B01;A:A;W1W1;T:T;W2W2;A:A;W3W3;T:T;W4W4;A:A;W5W5;WW;WW
24__007849;RAT-0480;RAT-0480;C01;T:A;M1W1;T:T;W2W2;A:A;W3W3;T:T;W4W4;A:A;W5W5;M1W;M1W
24__007850;RAT-0486;RAT-0486;D01;T:T;M1M1;T:T;W2W2;?;;T:T;W4W4;?;?;M1M1;M1M1?
24__007851;RAT-0491;RAT-0491;E01;A:A;W1W1;T:T;W2W2;A:A;W3W3;T:T;W4W4;A:A;W5W5;WW;WW
24__007852;RAT-0492;RAT-0492;F01;T:A;M1W1;T:T;W2W2;A:A;W3W3;T:T;W4W4;A:A;W5W5;M1W;M1W
24__007853;RAT-0493;RAT-0493;G01;A:A;W1W1;T:T;W2W2;A:A;W3W3;T:T;W4W4;A:A;W5W5;WW;WW
24__007854;RAT-0495;RAT-0495;H01;A:A;W1W1;A:T;M2W2;A:A;W3W3;T:T;W4W4;A:A;W5W5;M2W;M2W
24__007855;RAT-0490;RAT-0490;A02;?;;T:T;;A:A;;T:T;;A:A;;MissingData;MissingData
24__007856;RAT-0494;RAT-0494;B02;A:A;W1W1;A:A;M2M2;A:A;W3W3;T:T;W4W4;A:A;W5W5;M2M2;M2M2
24__007857;RAT-0497;RAT-0497;C02;T:A;M1W1;T:T;W2W2;A:A;W3W3;T:T;W4W4;A:A;W5W5;M1W;M1W
24__007858;RAT-0496;RAT-0496;D02;T:A;M1W1;T:T;W2W2;A:A;W3W3;T:T;W4W4;A:A;W5W5;M1W;M1W
24__007859;RAT-0503;RAT-0503;E02;A:A;W1W1;T:T;W2W2;A:A;W3W3;T:T;W4W4;A:A;W5W5;WW;WW
24__007860;RAT-0505;RAT-0505;F02;A:A;W1W1;A:A;M2M2;A:A;W3W3;T:T;W4W4;A:A;W5W5;M2M2;M2M2
24__007861;RAT-0510;RAT-0510;G02;A:A;W1W1;T:T;W2W2;G:A;M3W3;T:T;W4W4;A:A;W5W5;M3W;M3W
24__007862;RAT-0502;RAT-0502;H02;A:A;W1W1;A:T;M2W2;A:A;W3W3;T:T;W4W4;A:A;W5W5;M2W;M2W
24__007863;RAT-0501;RAT-0501;A03;A:A;W1W1;A:T;M2W2;A:A;W3W3;T:T;W4W4;A:A;W5W5;M2W;M2W
24__007864;RAT-0596;RAT-0596;B03;A:A;W1W1;T:T;W2W2;A:A;W3W3;T:T;W4W4;A:A;W5W5;WW;WW
24__007865;RAT-0199;RAT-0199;C03;T:A;M1W1;T:T;W2W2;A:A;W3W3;T:T;W4W4;A:A;W5W5;M1W;M1W
24__007866;RAT-0198;RAT-0198;D03;T:T;M1M1;T:T;W2W2;?;;T:T;W4W4;?;?;M1M1;M1M1?
24__007867;RAT-0386;RAT-0386;E03;A:A;W1W1;T:T;W2W2;A:A;W3W3;T:T;W4W4;A:A;W5W5;WW;WW
24__007868;RAT-0346;RAT-0346;F03;T:A;M1W1;T:T;W2W2;A:A;W3W3;T:T;W4W4;A:A;W5W5;M1W;M1W
24__007869;RAT-0366;RAT-0366;G03;A:A;W1W1;T:T;W2W2;A:A;W3W3;T:T;W4W4;A:A;W5W5;WW;WW
24__007870;RAT-0357;RAT-0357;H03;A:A;W1W1;T:T;W2W2;A:A;W3W3;T:T;W4W4;A:A;W5W5;WW;WW
24__007871;RAT-0397;RAT-0397;A04;A:A;W1W1;T:T;W2W2;A:A;W3W3;T:T;W4W4;A:A;W5W5;WW;WW
24__007872;RAT-0336;RAT-0336;B04;A:A;W1W1;T:T;W2W2;A:A;W3W3;T:T;W4W4;A:A;W5W5;WW;WW
24__007873;RAT-0396;RAT-0396;C04;A:A;W1W1;T:T;W2W2;A:A;W3W3;T:T;W4W4;A:A;W5W5;WW;WW
24__007874;RAT-0347;RAT-0347;D04;A:A;W1W1;T:T;W2W2;A:A;W3W3;T:T;W4W4;A:A;W5W5;WW;WW
24__007876;RAT-0316;RAT-0316;E04;T:A;M1W1;T:T;W2W2;A:A;W3W3;T:T;W4W4;A:A;W5W5;M1W;M1W
24__007877;RAT-0356;RAT-0356;F04;A:A;W1W1;T:T;W2W2;A:A;W3W3;T:T;W4W4;A:A;W5W5;WW;WW
24__007878;RAT-0376;RAT-0376;G04;T:A;M1W1;T:T;W2W2;A:A;W3W3;T:T;W4W4;A:A;W5W5;M1W;M1W
24__007879;RAT-0407;RAT-0407;H04;A:A;W1W1;T:T;W2W2;A:A;W3W3;T:T;W4W4;A:A;W5W5;WW;WW
24__007880;RAT-0406;RAT-0406;A05;T:A;M1W1;T:T;W2W2;A:A;W3W3;T:T;W4W4;A:A;W5W5;M1W;M1W
24__007881;RAT-0323;RAT-0323;B05;T:A;M1W1;T:T;W2W2;A:A;W3W3;T:T;W4W4;A:A;W5W5;M1W;M1W
24__007882;RAT-0353;RAT-0353;C05;A:A;W1W1;T:T;W2W2;A:A;W3W3;T:T;W4W4;A:A;W5W5;WW;WW
24__007883;RAT-0373;RAT-0373;D05;A:A;W1W1;T:T;W2W2;A:A;W3W3;T:T;W4W4;A:A;W5W5;WW;WW
24__007884;RAT-0367;RAT-0367;F05;T:T;M1M1;T:T;W2W2;?;;T:T;W4W4;?;?;M1M1;M1M1?
24__007885;RAT-0312;RAT-0312;G05;A:A;W1W1;T:T;W2W2;A:A;W3W3;T:T;W4W4;A:A;W5W5;WW;WW
24__007886;RAT-0383;RAT-0383;H05;A:A;W1W1;T:T;W2W2;A:A;W3W3;T:T;W4W4;A:A;W5W5;WW;WW
24__007887;RAT-0393;RAT-0393;A06;T:A;M1W1;T:T;W2W2;A:A;W3W3;T:T;W4W4;A:A;W5W5;M1W;M1W
24__007888;RAT-0322;RAT-0322;B06;A:A;W1W1;T:T;W2W2;A:A;W3W3;T:T;W4W4;A:A;W5W5;WW;WW
24__007889;RAT-0363;RAT-0363;C06;T:A;;T:T;;A:A;;?;;A:A;;MissingData;M1W
24__007890;RAT-0343;RAT-0343;D06;T:A;M1W1;T:T;W2W2;A:A;W3W3;T:T;W4W4;A:A;W5W5;M1W;M1W
24__007891;RAT-0403;RAT-0403;E06;T:A;;T:T;;A:A;;T:T;;?;;MissingData;M1W
24__007892;RAT-0377;RAT-0377;F06;T:T;M1M1;T:T;W2W2;?;;T:T;W4W4;?;?;M1M1;M1M1?
24__007893;RAT-0381;RAT-0381;G06;A:A;W1W1;T:T;W2W2;A:A;W3W3;T:T;W4W4;A:A;W5W5;WW;WW
24__007894;RAT-0341;RAT-0341;H06;A:A;W1W1;T:T;W2W2;A:A;W3W3;T:T;W4W4;A:A;W5W5;WW;WW
24__007895;RAT-0351;RAT-0351;A07;A:A;W1W1;T:T;W2W2;A:A;W3W3;T:T;W4W4;A:A;W5W5;WW;WW
24__007896;RAT-0372;RAT-0372;B07;A:A;W1W1;T:T;W2W2;A:A;W3W3;T:T;W4W4;A:A;W5W5;WW;WW
24__007897;RAT-0342;RAT-0342;C07;A:A;W1W1;T:T;W2W2;A:A;W3W3;T:T;W4W4;A:A;W5W5;WW;WW
24__007898;RAT-0321;RAT-0321;D07;A:A;;T:T;;A:A;;?;;A:A;;MissingData;WW
24__007899;RAT-0382;RAT-0382;E07;A:A;W1W1;T:T;W2W2;A:A;W3W3;T:T;W4W4;A:A;W5W5;WW;WW
24__007900;RAT-0402;RAT-0402;F07;A:A;W1W1;T:T;W2W2;A:A;W3W3;T:T;W4W4;A:A;W5W5;WW;WW
24__007901;RAT-0362;RAT-0362;G07;A:A;W1W1;T:T;W2W2;A:A;W3W3;T:T;W4W4;A:A;W5W5;WW;WW
24__007902;RAT-0311;RAT-0311;H07;A:A;W1W1;T:T;W2W2;A:A;W3W3;T:T;W4W4;A:A;W5W5;WW;WW
24__007903;RAT-0361;RAT-0361;A08;A:A;W1W1;T:T;W2W2;A:A;W3W3;T:T;W4W4;A:A;W5W5;WW;WW
24__007904;RAT-0401;RAT-0401;B08;A:A;W1W1;T:T;W2W2;A:A;W3W3;T:T;W4W4;A:A;W5W5;WW;WW
24__007905;RAT-0371;RAT-0371;C08;A:A;W1W1;T:T;W2W2;A:A;W3W3;T:T;W4W4;A:A;W5W5;WW;WW
24__007906;RAT-0391;RAT-0391;D08;A:A;;T:T;;?;;T:T;;A:A;;MissingData;MissingData
24__007907;RAT-0365;RAT-0365;E08;T:A;M1W1;T:T;W2W2;A:A;W3W3;T:T;W4W4;A:A;W5W5;M1W;M1W
24__007908;RAT-0405;RAT-0405;F08;A:A;W1W1;T:T;W2W2;A:A;W3W3;T:T;W4W4;A:A;W5W5;WW;WW
24__007909;RAT-0355;RAT-0355;G08;T:T;M1M1;T:T;W2W2;?;;T:T;W4W4;?;?;M1M1;M1M1?
24__007910;RAT-0384;RAT-0384;H08;T:A;M1W1;T:T;W2W2;A:A;W3W3;T:T;W4W4;A:A;W5W5;M1W;M1W
24__007911;RAT-0314;RAT-0314;A09;A:A;W1W1;T:T;W2W2;A:A;W3W3;T:T;W4W4;A:A;W5W5;WW;WW
24__007912;RAT-0364;RAT-0364;B09;?;?;?;?;?;?;?;?;?;?;NoData;NoData
24__007913;RAT-0344;RAT-0344;C09;T:T;M1M1;T:T;W2W2;?;;T:T;W4W4;?;?;M1M1;M1M1?
24__007914;RAT-0324;RAT-0324;D09;A:A;W1W1;T:T;W2W2;A:A;W3W3;T:T;W4W4;A:A;W5W5;WW;WW
24__007915;RAT-0345;RAT-0345;E09;T:A;M1W1;T:T;W2W2;A:A;W3W3;T:T;W4W4;A:A;W5W5;M1W;M1W
24__007916;RAT-0385;RAT-0385;F09;A:A;W1W1;T:T;W2W2;A:A;W3W3;T:T;W4W4;A:A;W5W5;WW;WW
24__007917;RAT-0315;RAT-0315;G09;?;?;?;?;?;?;?;?;?;?;NoData;NoData
24__007918;RAT-0374;RAT-0374;H09;T:A;;T:T;;A:A;;?;;A:A;;MissingData;M1W
24__007919;RAT-0335;RAT-0335;A10;T:T;M1M1;T:T;W2W2;?;;T:T;W4W4;?;?;M1M1;M1M1?
24__007920;RAT-0334;RAT-0334;B10;T:A;M1W1;T:T;W2W2;A:A;W3W3;T:T;W4W4;A:A;W5W5;M1W;M1W
24__007921;RAT-0394;RAT-0394;C10;T:A;M1W1;T:T;W2W2;A:A;W3W3;T:T;W4W4;A:A;W5W5;M1W;M1W
24__007922;RAT-0404;RAT-0404;D10;?;;?;;?;;?;;A:A;;MissingData;MissingData
24__007923;RAT-0375;RAT-0375;E10;?;?;?;?;?;?;?;?;?;?;NoData;NoData
24__007924;RAT-0679;RAT-0679;F10;A:A;W1W1;T:T;W2W2;A:A;W3W3;T:T;W4W4;A:A;W5W5;WW;WW
24__007925;RAT-0680;RAT-0680;G10;A:A;W1W1;T:T;W2W2;A:A;W3W3;T:T;W4W4;A:A;W5W5;WW;WW
24__007926;RAT-0711;RAT-0711;H10;A:A;W1W1;A:A;M2M2;A:A;W3W3;T:T;W4W4;A:A;W5W5;M2M2;M2M2
24__007927;RAT-0718;RAT-0718;A11;T:A;M1W1;T:T;W2W2;A:A;W3W3;T:T;W4W4;A:A;W5W5;M1W;M1W
24__007928;RAT-0687;RAT-0687;B11;A:A;W1W1;A:T;M2W2;A:A;W3W3;T:T;W4W4;A:A;W5W5;M2W;M2W
24__007929;RAT-0710DM37;RAT-0710;C11;A:A;W1W1;A:T;M2W2;A:A;W3W3;T:T;W4W4;A:A;W5W5;M2W;M2W
24__007930;RAT-0737;RAT-0737;D11;A:A;W1W1;A:A;M2M2;A:A;W3W3;T:T;W4W4;A:A;W5W5;M2M2;M2M2
24__007931;RAT-0508;RAT-0508;E11;A:A;W1W1;T:T;W2W2;A:A;W3W3;T:T;W4W4;A:A;W5W5;WW;WW
24__007932;RAT-0488;RAT-0488;F11;A:A;W1W1;T:T;W2W2;A:A;W3W3;T:T;W4W4;A:A;W5W5;WW;WW
24__007933;RAT-0677;RAT-0677;G11;A:A;W1W1;A:T;M2W2;A:A;W3W3;T:T;W4W4;A:A;W5W5;M2W;M2W
24__007934;RAT-0670;RAT-0670;H11;A:A;W1W1;T:T;W2W2;A:A;W3W3;T:T;W4W4;A:A;W5W5;WW;WW
24__007935;RAT-0686;RAT-0686;A12;A:A;W1W1;A:A;M2M2;A:A;W3W3;T:T;W4W4;A:A;W5W5;M2M2;M2M2
24__007936;RAT-0709;RAT-0709;B12;A:A;W1W1;A:A;M2M2;A:A;W3W3;T:T;W4W4;A:A;W5W5;M2M2;M2M2
24__007937;RAT-0682;RAT-0682;C12;A:A;W1W1;T:T;W2W2;A:A;W3W3;T:T;W4W4;A:A;W5W5;WW;WW
24__007938;RAT-0684;RAT-0684;D12;A:A;W1W1;T:T;W2W2;A:A;W3W3;T:T;W4W4;A:A;W5W5;WW;WW
24__007939;RAT-0714DM50;RAT-0714;E12;A:A;W1W1;A:A;M2M2;A:A;W3W3;T:T;W4W4;A:A;W5W5;M2M2;M2M2
24__007940;RAT-0609DM36;RAT-0609;F12;A:A;W1W1;A:T;M2W2;A:A;W3W3;T:T;W4W4;A:A;W5W5;M2W;M2W
24__007942;RAT-0676;RAT-0676;G12;A:A;W1W1;T:T;W2W2;G:A;M3W3;T:T;W4W4;A:A;W5W5;M3W;M3W
24__007943;RAT-0708;RAT-0708;E05;A:A;W1W1;T:T;W2W2;A:A;W3W3;T:T;W4W4;A:A;W5W5;WW;WW
24__007944;RAT-0499;RAT-0499;A01;A:A;W1W1;T:T;W2W2;A:A;W3W3;T:T;W4W4;A:A;W5W5;WW;WW
24__007945;RAT-0713;RAT-0713;B01;A:A;W1W1;A:A;M2M2;A:A;W3W3;T:T;W4W4;A:A;W5W5;M2M2;M2M2
24__007946;RAT-0683;RAT-0683;C01;A:A;W1W1;T:T;W2W2;A:A;W3W3;T:T;W4W4;A:A;W5W5;WW;WW
24__007947;RAT-0732;RAT-0732;D01;A:A;W1W1;A:T;M2W2;A:A;W3W3;T:T;W4W4;A:A;W5W5;M2W;M2W
24__007948;RAT-0698;RAT-0698;E01;A:A;W1W1;T:T;W2W2;G:A;M3W3;T:T;W4W4;A:A;W5W5;M3W;M3W
24__007949;RAT-0729;RAT-0729;F01;A:A;W1W1;T:T;W2W2;A:A;W3W3;T:T;W4W4;A:A;W5W5;WW;WW
24__007950;RAT-0723;RAT-0723;G01;A:A;W1W1;T:T;W2W2;A:A;W3W3;T:T;W4W4;A:A;W5W5;WW;WW
24__007951;RAT-0712;RAT-0712;H01;A:A;W1W1;T:T;W2W2;A:A;W3W3;T:T;W4W4;A:A;W5W5;WW;WW
24__007952;RAT-0509;RAT-0509;A02;A:A;W1W1;A:T;M2W2;A:A;W3W3;T:T;W4W4;A:A;W5W5;M2W;M2W
24__007953;RAT-0691;RAT-0691;B02;A:A;W1W1;A:T;M2W2;A:A;W3W3;T:T;W4W4;A:A;W5W5;M2W;M2W
24__007954;RAT-0498;RAT-0498;C02;A:A;W1W1;T:T;W2W2;A:A;W3W3;T:T;W4W4;A:A;W5W5;WW;WW
24__007955;RAT-0738;RAT-0738;D02;T:A;M1W1;T:T;W2W2;A:A;W3W3;T:T;W4W4;A:A;W5W5;M1W;M1W
24__007956;RAT-0701;RAT-0701;E02;A:A;W1W1;A:A;M2M2;A:A;W3W3;T:T;W4W4;A:A;W5W5;M2M2;M2M2
24__007957;RAT-0730;RAT-0730;F02;A:A;W1W1;A:A;M2M2;A:A;W3W3;T:T;W4W4;A:A;W5W5;M2M2;M2M2
24__007958;RAT-0725;RAT-0725;G02;A:A;W1W1;A:T;M2W2;A:A;W3W3;T:T;W4W4;A:A;W5W5;M2W;M2W
24__007959;RAT-0735;RAT-0735;H02;A:A;W1W1;A:T;M2W2;A:A;W3W3;T:T;W4W4;A:A;W5W5;M2W;M2W
24__007960;RAT-0717;RAT-0717;A03;A:A;W1W1;A:T;M2W2;A:A;W3W3;T:T;W4W4;A:A;W5W5;M2W;M2W
24__007961;RAT-0398;RAT-0398;B03;A:A;W1W1;T:T;W2W2;A:A;W3W3;T:T;W4W4;A:A;W5W5;WW;WW
24__007962;RAT-0348;RAT-0348;C03;A:A;W1W1;T:T;W2W2;A:A;W3W3;T:T;W4W4;A:A;W5W5;WW;WW
24__007963;RAT-0358;RAT-0358;D03;A:A;W1W1;T:T;W2W2;A:A;W3W3;T:T;W4W4;A:A;W5W5;WW;WW
24__007964;RAT-0327;RAT-0327;E03;A:A;W1W1;T:T;W2W2;A:A;W3W3;T:T;W4W4;A:A;W5W5;WW;WW
24__007965;RAT-0368;RAT-0368;F03;A:A;W1W1;T:T;W2W2;A:A;W3W3;T:T;W4W4;A:A;W5W5;WW;WW
24__007966;RAT-0378;RAT-0378;G03;A:A;W1W1;T:T;W2W2;A:A;W3W3;T:T;W4W4;A:A;W5W5;WW;WW
24__007967;RAT-0388;RAT-0388;H03;A:A;W1W1;T:T;W2W2;A:A;W3W3;T:T;W4W4;A:A;W5W5;WW;WW
24__007968;RAT-0337;RAT-0337;A04;T:A;M1W1;T:T;W2W2;A:A;W3W3;T:T;W4W4;A:A;W5W5;M1W;M1W
24__007969;RAT-0317;RAT-0317;B04;A:A;W1W1;T:T;W2W2;A:A;W3W3;T:T;W4W4;A:A;W5W5;WW;WW
24__007970;RAT-0255;RAT-0255;C04;A:A;W1W1;T:T;W2W2;A:A;W3W3;T:T;W4W4;A:A;W5W5;WW;WW
24__007971;RAT-0215;RAT-0215;D04;A:A;W1W1;T:T;W2W2;A:A;W3W3;T:T;W4W4;A:A;W5W5;WW;WW
24__007972;RAT-0289;RAT-0289;E04;A:A;W1W1;T:T;W2W2;A:A;W3W3;T:T;W4W4;A:A;W5W5;WW;WW
24__007973;RAT-0235;RAT-0235;F04;A:A;;?;;A:A;;T:T;;A:A;;MissingData;MissingData
24__007974;RAT-0661;RAT-0661;G04;A:A;W1W1;T:T;W2W2;A:A;W3W3;T:T;W4W4;A:A;W5W5;WW;WW
24__007975;RAT-0272;RAT-0272;H04;A:A;W1W1;T:T;W2W2;A:A;W3W3;T:T;W4W4;A:A;W5W5;WW;WW
24__007976;RAT-0669;RAT-0669;A05;T:A;M1W1;T:T;W2W2;A:A;W3W3;T:T;W4W4;A:A;W5W5;M1W;M1W
24__007977;RAT-0220;RAT-0220;B05;A:A;W1W1;T:T;W2W2;A:A;W3W3;T:T;W4W4;A:A;W5W5;WW;WW
24__007978;RAT-0225;RAT-0225;C05;A:A;W1W1;T:T;W2W2;A:A;W3W3;T:T;W4W4;A:A;W5W5;WW;WW
24__007979;RAT-0261;RAT-0261;D05;T:A;M1W1;A:T;M2W2;A:A;W3W3;T:T;W4W4;A:A;W5W5;SPECIAAL;SPECIAAL
24__007980;RAT-0287;RAT-0287;F05;A:A;W1W1;T:T;W2W2;A:A;W3W3;T:T;W4W4;A:A;W5W5;WW;WW
24__007981;RAT-0286;RAT-0286;G05;A:A;W1W1;T:T;W2W2;A:A;W3W3;T:T;W4W4;A:A;W5W5;WW;WW
24__007982;RAT-0275;RAT-0275;H05;A:A;W1W1;T:T;W2W2;A:A;W3W3;T:T;W4W4;A:A;W5W5;WW;WW
24__007983;RAT-0283;RAT-0283;A06;A:A;W1W1;T:T;W2W2;A:A;W3W3;T:T;W4W4;A:A;W5W5;WW;WW
24__007984;RAT-0643;RAT-0643;B06;A:A;W1W1;T:T;W2W2;A:A;W3W3;T:T;W4W4;A:A;W5W5;WW;WW
24__007985;RAT-0651;RAT-0651;C06;A:A;W1W1;T:T;W2W2;A:A;W3W3;T:T;W4W4;A:A;W5W5;WW;WW
24__007986;RAT-0277;RAT-0277;D06;A:A;W1W1;T:T;W2W2;A:A;W3W3;T:T;W4W4;A:A;W5W5;WW;WW
24__007987;RAT-0271;RAT-0271;E06;T:A;M1W1;T:T;W2W2;A:A;W3W3;T:T;W4W4;A:A;W5W5;M1W;M1W
24__007988;RAT-0256;RAT-0256;F06;A:A;;T:T;;A:A;;?;;A:A;;MissingData;WW
24__007989;RAT-0304;RAT-0304;G06;A:A;W1W1;T:T;W2W2;A:A;W3W3;T:T;W4W4;A:A;W5W5;WW;WW
24__007990;RAT-0296;RAT-0296;H06;A:A;W1W1;T:T;W2W2;A:A;W3W3;T:T;W4W4;A:A;W5W5;WW;WW
24__007991;RAT-0291;RAT-0291;A07;A:A;W1W1;T:T;W2W2;A:A;W3W3;T:T;W4W4;A:A;W5W5;WW;WW
24__007992;RAT-0667;RAT-0667;B07;A:A;W1W1;T:T;W2W2;A:A;W3W3;T:T;W4W4;A:A;W5W5;WW;WW
24__007993;RAT-0240;RAT-0240;C07;A:A;W1W1;A:T;M2W2;A:A;W3W3;T:T;W4W4;A:A;W5W5;M2W;M2W
24__007994;RAT-0293;RAT-0293;D07;A:A;W1W1;T:T;W2W2;A:A;W3W3;T:T;W4W4;A:A;W5W5;WW;WW
24__007995;RAT-0246;RAT-0246;E07;A:A;W1W1;T:T;W2W2;A:A;W3W3;T:T;W4W4;A:A;W5W5;WW;WW
24__007996;RAT-0295;RAT-0295;F07;A:A;W1W1;T:T;W2W2;A:A;W3W3;T:T;W4W4;A:A;W5W5;WW;WW
24__007997;RAT-0245;RAT-0245;G07;A:A;W1W1;T:T;W2W2;A:A;W3W3;T:T;W4W4;A:A;W5W5;WW;WW
24__007998;RAT-0257;RAT-0257;H07;A:A;W1W1;T:T;W2W2;A:A;W3W3;T:T;W4W4;A:A;W5W5;WW;WW
24__007999;RAT-0284;RAT-0284;A08;A:A;W1W1;T:T;W2W2;A:A;W3W3;T:T;W4W4;A:A;W5W5;WW;WW
24__008000;RAT-0267;RAT-0267;B08;A:A;W1W1;T:T;W2W2;A:A;W3W3;T:T;W4W4;A:A;W5W5;WW;WW
24__008001;RAT-0216;RAT-0216;C08;A:A;W1W1;T:T;W2W2;A:A;W3W3;T:T;W4W4;A:A;W5W5;WW;WW
24__008002;RAT-0281;RAT-0281;D08;A:A;W1W1;T:T;W2W2;A:A;W3W3;T:T;W4W4;A:A;W5W5;WW;WW
24__008003;RAT-0301;RAT-0301;E08;A:A;W1W1;T:T;W2W2;A:A;W3W3;T:T;W4W4;A:A;W5W5;WW;WW
24__008004;RAT-0266;RAT-0266;F08;A:A;W1W1;T:T;W2W2;A:A;W3W3;T:T;W4W4;A:A;W5W5;WW;WW
24__008005;RAT-0292;RAT-0292;G08;A:A;W1W1;T:T;W2W2;A:A;W3W3;T:T;W4W4;A:A;W5W5;WW;WW
24__008006;RAT-0298;RAT-0298;H08;A:A;W1W1;A:T;M2W2;A:A;W3W3;T:T;W4W4;A:A;W5W5;M2W;M2W
24__008007;RAT-0230;RAT-0230;A09;A:A;W1W1;T:T;W2W2;A:A;W3W3;T:T;W4W4;A:A;W5W5;WW;WW
24__008008;RAT-0294;RAT-0294;B09;A:A;W1W1;T:T;W2W2;A:A;W3W3;T:T;W4W4;A:A;W5W5;WW;WW
24__008009;RAT-0262;RAT-0262;C09;A:A;W1W1;T:T;W2W2;A:A;W3W3;T:T;W4W4;A:A;W5W5;WW;WW
24__008010;RAT-0273;RAT-0273;D09;A:A;W1W1;T:T;W2W2;A:A;W3W3;T:T;W4W4;A:A;W5W5;WW;WW
24__008011;RAT-0265;RAT-0265;E09;A:A;W1W1;T:T;W2W2;A:A;W3W3;T:T;W4W4;A:A;W5W5;WW;WW
24__008012;RAT-0274;RAT-0274;F09;A:A;W1W1;T:T;W2W2;A:A;W3W3;T:T;W4W4;A:A;W5W5;WW;WW
24__008013;RAT-0270;RAT-0270;G09;A:A;W1W1;T:T;W2W2;A:A;W3W3;T:T;W4W4;A:A;W5W5;WW;WW
24__008014;RAT-0282;RAT-0282;H09;A:A;W1W1;T:T;W2W2;A:A;W3W3;T:T;W4W4;A:A;W5W5;WW;WW
24__008015;RAT-0303;RAT-0303;A10;A:A;W1W1;T:T;W2W2;A:A;W3W3;T:T;W4W4;A:A;W5W5;WW;WW
24__008016;RAT-0302;RAT-0302;B10;A:A;W1W1;T:T;W2W2;A:A;W3W3;T:T;W4W4;A:A;W5W5;WW;WW
24__008017;RAT-0236;RAT-0236;C10;A:A;W1W1;T:T;W2W2;A:A;W3W3;T:T;W4W4;A:A;W5W5;WW;WW
24__008018;RAT-0305;RAT-0305;D10;A:A;W1W1;T:T;W2W2;A:A;W3W3;T:T;W4W4;A:A;W5W5;WW;WW
24__008019;RAT-0276;RAT-0276;E10;A:A;W1W1;T:T;W2W2;A:A;W3W3;T:T;W4W4;A:A;W5W5;WW;WW
24__008020;RAT-0226;RAT-0226;F10;A:A;W1W1;T:T;W2W2;A:A;W3W3;T:T;W4W4;A:A;W5W5;WW;WW
24__008021;RAT-0657;RAT-0657;G10;A:A;W1W1;T:T;W2W2;A:A;W3W3;T:T;W4W4;A:A;W5W5;WW;WW
24__008022;RAT-0665;RAT-0665;H10;A:A;W1W1;T:T;W2W2;A:A;W3W3;T:T;W4W4;A:A;W5W5;WW;WW
24__008023;RAT-0656;RAT-0656;A11;A:A;W1W1;T:T;W2W2;A:A;W3W3;T:T;W4W4;A:A;W5W5;WW;WW
24__008024;RAT-0248;RAT-0248;B11;A:A;W1W1;T:T;W2W2;A:A;W3W3;T:T;W4W4;A:A;W5W5;WW;WW
24__008025;RAT-0673;RAT-0673;C11;A:A;W1W1;A:T;M2W2;A:A;W3W3;T:T;W4W4;A:A;W5W5;M2W;M2W
24__008026;RAT-0213;RAT-0213;D11;A:A;W1W1;T:T;W2W2;A:A;W3W3;T:T;W4W4;A:A;W5W5;WW;WW
24__008027;RAT-0249;RAT-0249;E11;A:A;W1W1;T:T;W2W2;A:A;W3W3;T:T;W4W4;A:A;W5W5;WW;WW
24__008028;RAT-0251;RAT-0251;F11;A:A;W1W1;T:T;W2W2;A:A;W3W3;T:T;W4W4;A:A;W5W5;WW;WW
24__008029;RAT-0228;RAT-0228;G11;A:A;W1W1;T:T;W2W2;A:A;W3W3;T:T;W4W4;A:A;W5W5;WW;WW
24__008030;RAT-0221;RAT-0221;H11;A:A;W1W1;T:T;W2W2;A:A;W3W3;T:T;W4W4;A:A;W5W5;WW;WW
24__008031;RAT-0663;RAT-0663;A12;A:A;W1W1;T:T;W2W2;A:A;W3W3;T:T;W4W4;A:A;W5W5;WW;WW
24__008032;RAT-0660;RAT-0660;B12;A:A;W1W1;T:T;W2W2;A:A;W3W3;T:T;W4W4;A:A;W5W5;WW;WW
24__008033;RAT-0641;RAT-0641;C12;A:A;W1W1;T:T;W2W2;A:A;W3W3;T:T;W4W4;A:A;W5W5;WW;WW
24__008034;RAT-0658;RAT-0658;D12;A:A;W1W1;T:T;W2W2;A:A;W3W3;T:T;W4W4;A:A;W5W5;WW;WW
24__008035;RAT-0309;RAT-0309;E12;A:A;W1W1;T:T;W2W2;A:A;W3W3;T:T;W4W4;A:A;W5W5;WW;WW
24__008036;RAT-0242;RAT-0242;F12;A:A;W1W1;T:T;W2W2;A:A;W3W3;T:T;W4W4;A:A;W5W5;WW;WW
24__008037;RAT-0227;RAT-0227;G12;A:A;W1W1;T:T;W2W2;A:A;W3W3;T:T;W4W4;A:A;W5W5;WW;WW
24__008038;RAT-0231;RAT-0231;F05;A:A;W1W1;T:T;W2W2;A:A;W3W3;T:T;W4W4;A:A;W5W5;WW;WW
24__008039;RAT-0297;RAT-0297;A01;A:A;W1W1;T:T;W2W2;A:A;W3W3;T:T;W4W4;A:A;W5W5;WW;WW
24__008040;RAT-0279;RAT-0279;B01;A:A;W1W1;T:T;W2W2;A:A;W3W3;T:T;W4W4;A:A;W5W5;WW;WW
24__008041;RAT-0229;RAT-0229;C01;T:A;M1W1;T:T;W2W2;A:A;W3W3;T:T;W4W4;A:A;W5W5;M1W;M1W
24__008042;RAT-0259;RAT-0259;D01;A:A;W1W1;T:T;W2W2;A:A;W3W3;T:T;W4W4;A:A;W5W5;WW;WW
24__008043;RAT-0269;RAT-0269;E01;A:A;W1W1;A:T;M2W2;A:A;W3W3;T:T;W4W4;A:A;W5W5;M2W;M2W
24__008044;RAT-0260;RAT-0260;F01;A:A;W1W1;T:T;W2W2;A:A;W3W3;T:T;W4W4;A:A;W5W5;WW;WW
24__008045;RAT-0218;RAT-0218;G01;T:A;M1W1;T:T;W2W2;A:A;W3W3;T:T;W4W4;A:A;W5W5;M1W;M1W
24__008046;RAT-0217;RAT-0217;H01;A:A;W1W1;T:T;W2W2;A:A;W3W3;T:T;W4W4;A:A;W5W5;WW;WW
24__008047;RAT-0223;RAT-0223;A02;A:A;W1W1;T:T;W2W2;A:A;W3W3;T:T;W4W4;A:A;W5W5;WW;WW
24__008048;RAT-0238;RAT-0238;B02;A:A;W1W1;T:T;W2W2;A:A;W3W3;T:T;W4W4;A:A;W5W5;WW;WW
24__008049;RAT-0285;RAT-0285;C02;A:A;W1W1;T:T;W2W2;A:A;W3W3;T:T;W4W4;A:A;W5W5;WW;WW
24__008050;RAT-0672;RAT-0672;D02;A:A;W1W1;T:T;W2W2;A:A;W3W3;T:T;W4W4;A:A;W5W5;WW;WW
24__008051;RAT-0278;RAT-0278;E02;A:A;W1W1;T:T;W2W2;A:A;W3W3;T:T;W4W4;A:A;W5W5;WW;WW
24__008052;RAT-0310;RAT-0310;F02;A:A;W1W1;A:A;M2M2;A:A;W3W3;T:T;W4W4;A:A;W5W5;M2M2;M2M2
24__008053;RAT-0219;RAT-0219;G02;A:A;W1W1;T:T;W2W2;A:A;W3W3;T:T;W4W4;A:A;W5W5;WW;WW
24__008054;RAT-0239;RAT-0239;H02;A:A;W1W1;T:T;W2W2;A:A;W3W3;T:T;W4W4;A:A;W5W5;WW;WW
24__008055;RAT-0307;RAT-0307;A03;A:A;W1W1;T:T;W2W2;A:A;W3W3;T:T;W4W4;A:A;W5W5;WW;WW
24__008056;RAT-0264;RAT-0264;B03;A:A;W1W1;T:T;W2W2;A:A;W3W3;T:T;W4W4;A:A;W5W5;WW;WW
24__008057;RAT-0654;RAT-0654;C03;A:A;W1W1;T:T;W2W2;A:A;W3W3;T:T;W4W4;A:A;W5W5;WW;WW
24__008058;RAT-0250;RAT-0250;D03;A:A;W1W1;T:T;W2W2;A:A;W3W3;T:T;W4W4;A:A;W5W5;WW;WW
24__008059;RAT-0247;RAT-0247;E03;A:A;W1W1;T:T;W2W2;A:A;W3W3;T:T;W4W4;A:A;W5W5;WW;WW
24__008060;RAT-0290;RAT-0290;F03;A:A;W1W1;T:T;W2W2;A:A;W3W3;T:T;W4W4;A:A;W5W5;WW;WW
24__008061;RAT-0268;RAT-0268;G03;A:A;W1W1;T:T;W2W2;A:A;W3W3;T:T;W4W4;A:A;W5W5;WW;WW
24__008062;RAT-0258;RAT-0258;H03;T:T;M1M1;T:T;W2W2;?;;T:T;W4W4;?;?;M1M1;M1M1?
24__008063;RAT-0237;RAT-0237;A04;A:A;W1W1;T:T;W2W2;A:A;W3W3;T:T;W4W4;A:A;W5W5;WW;WW
24__008064;RAT-0254;RAT-0254;B04;A:A;W1W1;T:T;W2W2;A:A;W3W3;T:T;W4W4;A:A;W5W5;WW;WW
24__008065;RAT-0244;RAT-0244;C04;A:A;W1W1;T:T;W2W2;A:A;W3W3;T:T;W4W4;A:A;W5W5;WW;WW
24__008066;RAT-0666;RAT-0666;D04;A:A;W1W1;A:A;M2M2;A:A;W3W3;T:T;W4W4;A:A;W5W5;M2M2;M2M2
24__008067;RAT-0253;RAT-0253;E04;A:A;W1W1;T:T;W2W2;A:A;W3W3;T:T;W4W4;A:A;W5W5;WW;WW
24__008068;RAT-0233;RAT-0233;F04;A:A;W1W1;T:T;W2W2;A:A;W3W3;T:T;W4W4;A:A;W5W5;WW;WW
24__008069;RAT-0214;RAT-0214;G04;A:A;W1W1;T:T;W2W2;A:A;W3W3;T:T;W4W4;A:A;W5W5;WW;WW
24__008070;RAT-0659;RAT-0659;H04;A:A;W1W1;T:T;W2W2;A:A;W3W3;T:T;W4W4;A:A;W5W5;WW;WW
24__008071;RAT-0234;RAT-0234;A05;A:A;W1W1;T:T;W2W2;A:A;W3W3;T:T;W4W4;A:A;W5W5;WW;WW
24__008072;RAT-0263;RAT-0263;B05;A:A;W1W1;T:T;W2W2;A:A;W3W3;T:T;W4W4;A:A;W5W5;WW;WW
24__008073;RAT-0212;RAT-0212;C05;A:A;W1W1;T:T;W2W2;A:A;W3W3;T:T;W4W4;A:A;W5W5;WW;WW
24__008074;RAT-0653;RAT-0653;D05;A:A;W1W1;T:T;W2W2;A:A;W3W3;T:T;W4W4;A:A;W5W5;WW;WW
24__008075;RAT-0299;RAT-0299;F05;A:A;W1W1;T:T;W2W2;A:A;W3W3;T:T;W4W4;A:A;W5W5;WW;WW
24__008076;RAT-0224;RAT-0224;G05;A:A;W1W1;T:T;W2W2;A:A;W3W3;T:T;W4W4;A:A;W5W5;WW;WW
24__008077;RAT-0671;RAT-0671;H05;A:A;W1W1;T:T;W2W2;A:A;W3W3;T:T;W4W4;A:A;W5W5;WW;WW
24__008078;RAT-0243;RAT-0243;A06;T:A;M1W1;T:T;W2W2;A:A;W3W3;T:T;W4W4;A:A;W5W5;M1W;M1W
24__008079;RAT-0306;RAT-0306;B06;A:A;W1W1;T:T;W2W2;A:A;W3W3;T:T;W4W4;A:A;W5W5;WW;WW
24__008080;RAT-0222;RAT-0222;C06;A:A;W1W1;T:T;W2W2;A:A;W3W3;T:T;W4W4;A:A;W5W5;WW;WW
24__008081;RAT-0668;RAT-0668;D06;A:A;W1W1;T:T;W2W2;A:A;W3W3;T:T;W4W4;A:A;W5W5;WW;WW
24__008082;RAT-0650;RAT-0650;E06;A:A;W1W1;T:T;W2W2;A:A;W3W3;T:T;W4W4;A:A;W5W5;WW;WW
24__008083;RAT-649;RAT-649;F06;A:A;W1W1;T:T;W2W2;A:A;W3W3;T:T;W4W4;A:A;W5W5;WW;WW
24__008084;RAT-0640;RAT-0640;G06;T:T;M1M1;T:T;W2W2;?;;T:T;W4W4;?;?;M1M1;M1M1?
24__008085;RAT-0635;RAT-0635;H06;A:A;W1W1;T:T;W2W2;A:A;W3W3;T:T;W4W4;A:A;W5W5;WW;WW
24__008086;RAT-0647;RAT-0647;A07;A:A;W1W1;T:T;W2W2;A:A;W3W3;T:T;W4W4;A:A;W5W5;WW;WW
24__008087;RAT-0634;RAT-0634;B07;T:A;;T:T;;A:A;;?;;A:A;;MissingData;M1W
24__008088;RAT-0645;RAT-0645;C07;A:A;W1W1;T:T;W2W2;A:A;W3W3;T:T;W4W4;A:A;W5W5;WW;WW
24__008089;RAT-0352;RAT-0352;D07;A:A;W1W1;T:T;W2W2;A:A;W3W3;T:T;W4W4;A:A;W5W5;WW;WW
24__008090;RAT-0638;RAT-0638;E07;A:A;W1W1;T:T;W2W2;A:A;W3W3;T:T;W4W4;A:A;W5W5;WW;WW
24__008091;RAT-0332;RAT-0332;F07;A:A;W1W1;T:T;W2W2;A:A;W3W3;T:T;W4W4;A:A;W5W5;WW;WW
24__008092;RAT-0636;RAT-0636;G07;T:A;M1W1;T:T;W2W2;A:A;W3W3;T:T;W4W4;A:A;W5W5;M1W;M1W
24__008093;RAT-0637;RAT-0637;H07;A:A;W1W1;T:T;W2W2;A:A;W3W3;T:T;W4W4;A:A;W5W5;WW;WW
24__008094;RAT-0648;RAT-0648;A08;T:A;M1W1;T:T;W2W2;A:A;W3W3;T:T;W4W4;A:A;W5W5;M1W;M1W
24__008095;RAT-0646;RAT-0646;B08;T:A;M1W1;T:T;W2W2;A:A;W3W3;T:T;W4W4;A:A;W5W5;M1W;M1W
24__008096;RAT-0329;RAT-0329;C08;T:A;M1W1;T:T;W2W2;A:A;W3W3;T:T;W4W4;A:A;W5W5;M1W;M1W
24__008097;RAT-0399;RAT-0399;D08;A:A;W1W1;T:T;W2W2;A:A;W3W3;T:T;W4W4;A:A;W5W5;WW;WW
24__008098;RAT-0330;RAT-0330;E08;A:A;W1W1;T:T;W2W2;A:A;W3W3;T:T;W4W4;A:A;W5W5;WW;WW
24__008099;RAT-0360;RAT-0360;F08;T:A;M1W1;T:T;W2W2;A:A;W3W3;T:T;W4W4;A:A;W5W5;M1W;M1W
24__008100;RAT-0340;RAT-0340;G08;A:A;W1W1;T:T;W2W2;A:A;W3W3;T:T;W4W4;A:A;W5W5;WW;WW
24__008101;RAT-0380;RAT-0380;H08;A:A;W1W1;T:T;W2W2;A:A;W3W3;T:T;W4W4;A:A;W5W5;WW;WW
24__008102;RAT-0410;RAT-0410;A09;A:A;W1W1;T:T;W2W2;A:A;W3W3;T:T;W4W4;A:A;W5W5;WW;WW
24__008103;RAT-0390;RAT-0390;B09;T:A;M1W1;T:T;W2W2;A:A;W3W3;T:T;W4W4;A:A;W5W5;M1W;M1W
24__008104;RAT-0400;RAT-0400;C09;T:T;M1M1;T:T;W2W2;?;;T:T;W4W4;?;?;M1M1;M1M1?
24__008105;RAT-0389;RAT-0389;D09;T:A;M1W1;T:T;W2W2;A:A;W3W3;T:T;W4W4;A:A;W5W5;M1W;M1W
24__008106;RAT-0409;RAT-0409;E09;T:A;M1W1;T:T;W2W2;A:A;W3W3;T:T;W4W4;A:A;W5W5;M1W;M1W
24__008107;RAT-0319;RAT-0319;F09;T:T;M1M1;T:T;W2W2;?;;T:T;W4W4;?;?;M1M1;M1M1?
24__008108;RAT-0349;RAT-0349;G09;T:A;M1W1;T:T;W2W2;A:A;W3W3;T:T;W4W4;A:A;W5W5;M1W;M1W
24__008109;RAT-0370;RAT-0370;H09;A:A;W1W1;T:T;W2W2;A:A;W3W3;T:T;W4W4;A:A;W5W5;WW;WW
24__008110;RAT-0339;RAT-0339;A10;A:A;W1W1;T:T;W2W2;A:A;W3W3;T:T;W4W4;A:A;W5W5;WW;WW
24__008111;RAT-0320;RAT-0320;B10;A:A;W1W1;T:T;W2W2;A:A;W3W3;T:T;W4W4;A:A;W5W5;WW;WW
24__008112;RAT-0318;RAT-0318;C10;T:A;M1W1;T:T;W2W2;A:A;W3W3;T:T;W4W4;A:A;W5W5;M1W;M1W
24__008113;RAT-0369;RAT-0369;D10;A:A;W1W1;T:T;W2W2;A:A;W3W3;T:T;W4W4;A:A;W5W5;WW;WW
24__008114;RAT-0359;RAT-0359;E10;A:A;W1W1;T:T;W2W2;A:A;W3W3;T:T;W4W4;A:A;W5W5;WW;WW
24__008115;RAT-0379;RAT-0379;F10;T:A;M1W1;T:T;W2W2;A:A;W3W3;T:T;W4W4;A:A;W5W5;M1W;M1W
24__008925;RAT-2001;RAT-2001;G10;A:A;W1W1;T:T;W2W2;A:A;W3W3;T:T;W4W4;A:A;W5W5;WW;WW
24__008926;RAT-2002;RAT-2002;H10;T:T;M1M1;T:T;W2W2;?;;T:T;W4W4;?;?;M1M1;M1M1?
24__008927;RAT-2003;RAT-2003;A11;A:A;W1W1;T:T;W2W2;A:A;W3W3;T:T;W4W4;A:A;W5W5;WW;WW
24__008928;RAT-2004;RAT-2004;B11;T:T;M1M1;T:T;W2W2;?;;T:T;W4W4;?;?;M1M1;M1M1?
24__008929;RAT-2005;RAT-2005;C11;T:A;M1W1;T:T;W2W2;A:A;W3W3;T:T;W4W4;A:A;W5W5;M1W;M1W
24__008930;RAT-2006;RAT-2006;D11;T:A;M1W1;T:T;W2W2;A:A;W3W3;T:T;W4W4;A:A;W5W5;M1W;M1W
24__008931;RAT-2007;RAT-2007;E11;T:A;M1W1;T:T;W2W2;A:A;W3W3;T:T;W4W4;A:A;W5W5;M1W;M1W
24__008932;RAT-2008;RAT-2008;F11;T:T;M1M1;T:T;W2W2;?;;T:T;W4W4;?;?;M1M1;M1M1?
24__008933;RAT-2009;RAT-2009;G11;T:A;M1W1;T:T;W2W2;A:A;W3W3;T:T;W4W4;A:A;W5W5;M1W;M1W
24__008934;RAT-2010;RAT-2010;H11;A:A;W1W1;T:T;W2W2;A:A;W3W3;T:T;W4W4;A:A;W5W5;WW;WW
24__008935;RAT-2011;RAT-2011;A12;T:T;M1M1;T:T;W2W2;?;;T:T;W4W4;?;?;M1M1;M1M1?
24__008936;RAT-2012;RAT-2012;B12;T:T;M1M1;T:T;W2W2;?;;T:T;W4W4;?;?;M1M1;M1M1?
24__008937;RAT-2013;RAT-2013;C12;T:A;M1W1;T:T;W2W2;A:A;W3W3;T:T;W4W4;A:A;W5W5;M1W;M1W
24__008938;RAT-2014;RAT-2014;D12;T:T;M1M1;T:T;W2W2;?;;T:T;W4W4;?;?;M1M1;M1M1?
24__008939;RAT-2015;RAT-2015;E12;T:A;M1W1;T:T;W2W2;A:A;W3W3;T:T;W4W4;A:A;W5W5;M1W;M1W
24__008940;RAT-2016;RAT-2016;F12;T:T;M1M1;T:T;W2W2;?;;T:T;W4W4;?;?;M1M1;M1M1?
24__008941;RAT-2017;RAT-2017;G12;T:T;M1M1;T:T;W2W2;?;;T:T;W4W4;?;?;M1M1;M1M1?
24__008942;RAT-2018;RAT-2018;G05;T:A;M1W1;T:T;W2W2;A:A;W3W3;T:T;W4W4;A:A;W5W5;M1W;M1W
24__008943;RAT-2019;RAT-2019;A01;T:A;M1W1;T:T;W2W2;A:A;W3W3;T:T;W4W4;A:A;W5W5;M1W;M1W
24__008944;RAT-2020;RAT-2020;B01;T:A;M1W1;T:T;W2W2;A:A;W3W3;T:T;W4W4;A:A;W5W5;M1W;M1W
24__008945;RAT-2021;RAT-2021;C01;T:T;M1M1;T:T;W2W2;?;;T:T;W4W4;?;?;M1M1;M1M1?
24__008946;RAT-2022;RAT-2022;D01;T:A;M1W1;T:T;W2W2;A:A;W3W3;T:T;W4W4;A:A;W5W5;M1W;M1W
24__008947;RAT-2023;RAT-2023;E01;T:T;M1M1;T:T;W2W2;?;;T:T;W4W4;?;?;M1M1;M1M1?
24__008948;RAT-2024;RAT-2024;F01;T:A;M1W1;T:T;W2W2;A:A;W3W3;T:T;W4W4;A:A;W5W5;M1W;M1W
24__008949;RAT-2025;RAT-2025;G01;T:T;M1M1;T:T;W2W2;?;;T:T;W4W4;?;?;M1M1;M1M1?
24__008950;RAT-2026;RAT-2026;H01;T:A;M1W1;T:T;W2W2;A:A;W3W3;T:T;W4W4;A:A;W5W5;M1W;M1W
24__008951;RAT-2027;RAT-2027;A02;T:T;M1M1;T:T;W2W2;?;;T:T;W4W4;?;?;M1M1;M1M1?
24__008952;RAT-2028;RAT-2028;B02;T:T;M1M1;T:T;W2W2;?;;T:T;W4W4;?;?;M1M1;M1M1?
24__008953;RAT-2029;RAT-2029;C02;T:A;M1W1;T:T;W2W2;A:A;W3W3;T:T;W4W4;A:A;W5W5;M1W;M1W
24__008954;RAT-2030;RAT-2030;D02;T:A;M1W1;T:T;W2W2;A:A;W3W3;T:T;W4W4;A:A;W5W5;M1W;M1W
24__008955;RAT-2031;RAT-2031;E02;T:A;M1W1;T:T;W2W2;A:A;W3W3;T:T;W4W4;A:A;W5W5;M1W;M1W
24__008956;RAT-2032;RAT-2032;F02;T:T;M1M1;T:T;W2W2;A:A;W3W3;T:T;W4W4;?;?;M1M1;M1M1?
24__008957;RAT-2033;RAT-2033;G02;T:T;M1M1;T:T;W2W2;?;;T:T;W4W4;?;?;M1M1;M1M1?
24__008958;RAT-2034;RAT-2034;H02;T:T;M1M1;T:T;W2W2;?;;T:T;W4W4;?;?;M1M1;M1M1?
24__008959;RAT-2035;RAT-2035;A03;T:A;M1W1;T:T;W2W2;A:A;W3W3;T:T;W4W4;A:A;W5W5;M1W;M1W
24__008960;RAT-2036;RAT-2036;B03;A:A;W1W1;T:T;W2W2;A:A;W3W3;T:T;W4W4;A:A;W5W5;WW;WW
24__008961;RAT-2037;RAT-2037;C03;A:A;W1W1;T:T;W2W2;A:A;W3W3;T:T;W4W4;A:A;W5W5;WW;WW
24__008962;RAT-2038;RAT-2038;D03;A:A;W1W1;T:T;W2W2;A:A;W3W3;T:T;W4W4;A:A;W5W5;WW;WW
24__008963;RAT-2039;RAT-2039;E03;T:A;M1W1;T:T;W2W2;A:A;W3W3;T:T;W4W4;A:A;W5W5;M1W;M1W
24__008964;RAT-2040;RAT-2040;F03;T:T;M1M1;T:T;W2W2;?;;T:T;W4W4;?;?;M1M1;M1M1?
24__008965;RAT-2041;RAT-2041;G03;A:A;W1W1;T:T;W2W2;A:A;W3W3;T:T;W4W4;A:A;W5W5;WW;WW
24__008966;RAT-2042;RAT-2042;H03;T:T;M1M1;T:T;W2W2;?;;T:T;W4W4;?;?;M1M1;M1M1?
24__008967;RAT-2043;RAT-2043;A04;T:A;M1W1;T:T;W2W2;A:A;W3W3;T:T;W4W4;A:A;W5W5;M1W;M1W
24__008968;RAT-2044;RAT-2044;B04;A:A;W1W1;T:T;W2W2;A:A;W3W3;T:T;W4W4;A:A;W5W5;WW;WW
24__008969;RAT-2045;RAT-2045;C04;T:T;M1M1;T:T;W2W2;?;;T:T;W4W4;?;?;M1M1;M1M1?
24__008970;RAT-2046;RAT-2046;D04;T:T;M1M1;T:T;W2W2;?;;T:T;W4W4;?;?;M1M1;M1M1?
24__008971;RAT-2047;RAT-2047;E04;T:T;M1M1;T:T;W2W2;?;;T:T;W4W4;?;?;M1M1;M1M1?
24__008972;RAT-2048;RAT-2048;F04;T:A;M1W1;T:T;W2W2;A:A;W3W3;T:T;W4W4;A:A;W5W5;M1W;M1W
24__008973;RAT-2049;RAT-2049;G04;T:A;M1W1;T:T;W2W2;A:A;W3W3;T:T;W4W4;A:A;W5W5;M1W;M1W
24__008974;RAT-2050;RAT-2050;H04;T:A;M1W1;T:T;W2W2;A:A;W3W3;T:T;W4W4;A:A;W5W5;M1W;M1W
24__008975;RAT-2051;RAT-2051;A05;A:A;W1W1;T:T;W2W2;A:A;W3W3;T:T;W4W4;A:A;W5W5;WW;WW
24__008976;RAT-2052;RAT-2052;B05;T:A;M1W1;T:T;W2W2;A:A;W3W3;T:T;W4W4;A:A;W5W5;M1W;M1W
24__008977;RAT-2053;RAT-2053;C05;T:T;M1M1;T:T;W2W2;?;;T:T;W4W4;?;?;M1M1;M1M1?
24__008978;RAT-2054;RAT-2054;D05;A:A;W1W1;T:T;W2W2;A:A;W3W3;T:T;W4W4;A:A;W5W5;WW;WW
24__008979;RAT-2055;RAT-2055;F05;T:T;M1M1;T:T;W2W2;?;;T:T;W4W4;?;?;M1M1;M1M1?
24__008980;RAT-2056;RAT-2056;G05;T:T;M1M1;T:T;W2W2;?;;T:T;W4W4;?;?;M1M1;M1M1?
24__008981;RAT-2057;RAT-2057;H05;T:A;M1W1;T:T;W2W2;A:A;W3W3;T:T;W4W4;A:A;W5W5;M1W;M1W
24__008982;RAT-2058;RAT-2058;A06;T:A;M1W1;T:T;W2W2;A:A;W3W3;T:T;W4W4;A:A;W5W5;M1W;M1W
24__008983;RAT-2059;RAT-2059;B06;T:T;M1M1;T:T;W2W2;?;;T:T;W4W4;?;?;M1M1;M1M1?
24__008984;RAT-2060;RAT-2060;C06;A:A;W1W1;T:T;W2W2;A:A;W3W3;T:T;W4W4;A:A;W5W5;WW;WW
24__008985;RAT-2061;RAT-2061;D06;T:T;M1M1;T:T;W2W2;?;;T:T;W4W4;?;?;M1M1;M1M1?
24__008986;RAT-2062;RAT-2062;E06;T:A;M1W1;T:T;W2W2;A:A;W3W3;T:T;W4W4;A:A;W5W5;M1W;M1W
24__008987;RAT-2063;RAT-2063;F06;T:T;M1M1;T:T;W2W2;?;;T:T;W4W4;?;?;M1M1;M1M1?
24__008988;RAT-2064;RAT-2064;G06;T:A;M1W1;T:T;W2W2;A:A;W3W3;T:T;W4W4;A:A;W5W5;M1W;M1W
24__008989;RAT-2065;RAT-2065;H06;T:T;M1M1;T:T;W2W2;?;;T:T;W4W4;?;?;M1M1;M1M1?
24__008990;RAT-2066;RAT-2066;A07;T:T;M1M1;T:T;W2W2;?;;T:T;W4W4;?;?;M1M1;M1M1?
24__008991;RAT-2067;RAT-2067;B07;T:A;M1W1;T:T;W2W2;A:A;W3W3;T:T;W4W4;A:A;W5W5;M1W;M1W
24__008992;RAT-2068;RAT-2068;C07;T:A;M1W1;T:T;W2W2;A:A;W3W3;T:T;W4W4;A:A;W5W5;M1W;M1W
24__008993;RAT-2069;RAT-2069;D07;T:A;M1W1;T:T;W2W2;A:A;W3W3;T:T;W4W4;A:A;W5W5;M1W;M1W
24__008994;RAT-2070;RAT-2070;E07;T:T;M1M1;T:T;W2W2;?;;T:T;W4W4;?;?;M1M1;M1M1?
24__008995;RAT-2071;RAT-2071;F07;T:T;M1M1;T:T;W2W2;?;;T:T;W4W4;?;?;M1M1;M1M1?
24__008996;RAT-2072;RAT-2072;G07;A:A;W1W1;T:T;W2W2;A:A;W3W3;T:T;W4W4;A:A;W5W5;WW;WW
24__008997;RAT-2073;RAT-2073;H07;T:T;M1M1;T:T;W2W2;?;;T:T;W4W4;?;?;M1M1;M1M1?
24__008998;RAT-2074;RAT-2074;A08;T:A;M1W1;T:T;W2W2;A:A;W3W3;T:T;W4W4;A:A;W5W5;M1W;M1W
24__008999;RAT-2075;RAT-2075;B08;A:A;W1W1;T:T;W2W2;A:A;W3W3;T:T;W4W4;A:A;W5W5;WW;WW
24__009000;RAT-2076;RAT-2076;C08;A:A;W1W1;T:T;W2W2;A:A;W3W3;T:T;W4W4;A:A;W5W5;WW;WW
24__009001;RAT-2077;RAT-2077;D08;T:T;M1M1;T:T;W2W2;?;;T:T;W4W4;?;?;M1M1;M1M1?
24__009002;RAT-2078;RAT-2078;E08;A:A;W1W1;T:T;W2W2;A:A;W3W3;T:T;W4W4;A:A;W5W5;WW;WW
24__009003;RAT-2079;RAT-2079;F08;T:A;M1W1;T:T;W2W2;A:A;W3W3;T:T;W4W4;A:A;W5W5;M1W;M1W
24__009004;RAT-2080;RAT-2080;G08;T:T;M1M1;T:T;W2W2;?;;T:T;W4W4;?;?;M1M1;M1M1?
24__009005;RAT-2081;RAT-2081;H08;T:A;M1W1;T:T;W2W2;A:A;W3W3;T:T;W4W4;A:A;W5W5;M1W;M1W
24__009006;RAT-2082;RAT-2082;A09;T:A;M1W1;T:T;W2W2;A:A;W3W3;T:T;W4W4;A:A;W5W5;M1W;M1W
24__009007;RAT-2083;RAT-2083;B09;T:T;M1M1;T:T;W2W2;?;;T:T;W4W4;?;?;M1M1;M1M1?
24__009008;RAT-2084;RAT-2084;C09;T:T;M1M1;T:T;W2W2;?;;T:T;W4W4;?;?;M1M1;M1M1?
24__009009;RAT-2085;RAT-2085;D09;T:A;M1W1;T:T;W2W2;A:A;W3W3;T:T;W4W4;A:A;W5W5;M1W;M1W
24__009010;RAT-2086;RAT-2086;E09;T:A;M1W1;T:T;W2W2;A:A;W3W3;T:T;W4W4;A:A;W5W5;M1W;M1W
24__009011;RAT-2087;RAT-2087;F09;T:T;M1M1;T:T;W2W2;?;;T:T;W4W4;?;?;M1M1;M1M1?
24__009012;RAT-2088;RAT-2088;G09;T:A;M1W1;T:T;W2W2;A:A;W3W3;T:T;W4W4;A:A;W5W5;M1W;M1W
24__009013;RAT-2089;RAT-2089;H09;T:A;M1W1;T:T;W2W2;A:A;W3W3;T:T;W4W4;A:A;W5W5;M1W;M1W
24__009014;RAT-2090;RAT-2090;A10;T:T;M1M1;T:T;W2W2;?;;T:T;W4W4;?;?;M1M1;M1M1?
24__009015;RAT-2091;RAT-2091;B10;A:A;W1W1;T:T;W2W2;A:A;W3W3;T:T;W4W4;A:A;W5W5;WW;WW
24__009016;RAT-0859DD56;RAT-0859;C10;A:A;W1W1;T:T;W2W2;A:A;W3W3;T:T;W4W4;A:A;W5W5;WW;WW
24__009017;RAT-0913DS37;RAT-0913;D10;A:A;W1W1;T:T;W2W2;A:A;W3W3;T:T;W4W4;A:A;W5W5;WW;WW
24__009018;RAT-0912DL60;RAT-0912;E10;A:A;;T:T;;A:A;;?;;A:A;;MissingData;WW
24__009019;RAT-0849BE35;RAT-0849;F10;A:A;W1W1;T:T;W2W2;A:A;W3W3;T:T;W4W4;A:A;W5W5;WW;WW
24__009020;RAT-0904DD71;RAT-0904;G10;A:A;W1W1;T:T;W2W2;A:A;W3W3;T:T;W4W4;A:A;W5W5;WW;WW
24__009021;RAT-0884DE11;RAT-0884;H10;A:A;W1W1;T:T;W2W2;A:A;W3W3;T:T;W4W4;A:A;W5W5;WW;WW
24__009022;RAT-0860DD64;RAT-0860;A11;A:A;W1W1;T:T;W2W2;A:A;W3W3;T:T;W4W4;A:A;W5W5;WW;WW
24__009023;RAT-0846DE23;RAT-0846;B11;A:A;W1W1;T:T;W2W2;A:A;W3W3;T:T;W4W4;A:A;W5W5;WW;WW
24__009024;RAT-0866DD33;RAT-0866;C11;A:A;W1W1;T:T;W2W2;A:A;W3W3;T:T;W4W4;A:A;W5W5;WW;WW
24__009025;RAT-0873DL73;RAT-0873;D11;A:A;W1W1;T:T;W2W2;A:A;W3W3;T:T;W4W4;A:A;W5W5;WW;WW
24__009026;RAT-0861DL95;RAT-0861;E11;A:A;W1W1;T:T;W2W2;A:A;W3W3;T:T;W4W4;A:A;W5W5;WW;WW
24__009027;RAT-0850DD3;RAT-0850;F11;A:A;W1W1;T:T;W2W2;A:A;W3W3;T:T;W4W4;A:A;W5W5;WW;WW
24__009028;RAT-0916DL37;RAT-0916;G11;A:A;W1W1;T:T;W2W2;A:A;W3W3;T:T;W4W4;A:A;W5W5;WW;WW
24__009029;RAT-0862;RAT-0862;H11;T:A;M1W1;T:T;W2W2;A:A;W3W3;T:T;W4W4;A:A;W5W5;M1W;M1W
24__009030;RAT-0887DE34;RAT-0887;A12;A:A;W1W1;A:T;M2W2;A:A;W3W3;T:T;W4W4;A:A;W5W5;M2W;M2W
24__009031;RAT-0844DE45;RAT-0844;B12;A:A;W1W1;T:T;W2W2;A:A;W3W3;T:T;W4W4;A:A;W5W5;WW;WW
24__009032;RAT-0915DL36;RAT-0915;C12;A:A;W1W1;T:T;W2W2;A:A;W3W3;T:T;W4W4;A:A;W5W5;WW;WW
24__009033;RAT-0909DL78;RAT-0909;D12;A:A;W1W1;T:T;W2W2;A:A;W3W3;T:T;W4W4;A:A;W5W5;WW;WW
24__009034;RAT-0885DL29;RAT-0885;E12;A:A;W1W1;T:T;W2W2;A:A;W3W3;T:T;W4W4;A:A;W5W5;WW;WW
24__009035;RAT-0903DL94;RAT-0903;F12;A:A;W1W1;A:T;M2W2;A:A;W3W3;T:T;W4W4;A:A;W5W5;M2W;M2W
24__009036;RAT-0908DL68;RAT-0908;G12;A:A;W1W1;T:T;W2W2;A:A;W3W3;T:T;W4W4;A:A;W5W5;WW;WW
24__009037;RAT-0843DL40;RAT-0843;H05;A:A;W1W1;T:T;W2W2;A:A;W3W3;T:T;W4W4;A:A;W5W5;WW;WW
24__009038;RAT-0890DE59;RAT-0890;A01;A:A;W1W1;A:A;M2M2;A:A;W3W3;T:T;W4W4;A:A;W5W5;M2M2;M2M2
24__009039;RAT-0877DL57;RAT-0877;B01;A:A;W1W1;A:A;M2M2;A:A;W3W3;T:T;W4W4;A:A;W5W5;M2M2;M2M2
24__009040;RAT-0882DE12;RAT-0882;C01;A:A;W1W1;T:T;W2W2;A:A;W3W3;T:T;W4W4;A:A;W5W5;WW;WW
24__009041;RAT-0881DL1;RAT-0881;D01;A:A;W1W1;T:T;W2W2;A:A;W3W3;T:T;W4W4;A:A;W5W5;WW;WW
24__009042;RAT-0911DL79;RAT-0911;E01;A:A;W1W1;T:T;W2W2;A:A;W3W3;T:T;W4W4;A:A;W5W5;WW;WW
24__009043;RAT-0876DL47;RAT-0876;F01;A:A;;T:T;;A:A;;?;;?;;MissingData;WW
24__009044;RAT-0879DL4;RAT-0879;G01;A:A;W1W1;T:T;W2W2;A:A;W3W3;T:T;W4W4;A:A;W5W5;WW;WW
24__009045;RAT-0875DL65;RAT-0875;H01;A:A;W1W1;T:T;W2W2;A:A;W3W3;T:T;W4W4;A:A;W5W5;WW;WW
24__009046;RAT-0871DD99;RAT-0871;A02;A:A;W1W1;T:T;W2W2;A:A;W3W3;T:T;W4W4;A:A;W5W5;WW;WW
24__009047;RAT-0853DD16;RAT-0853;B02;A:A;W1W1;T:T;W2W2;A:A;W3W3;T:T;W4W4;A:A;W5W5;WW;WW
24__009048;RAT-0888DE35;RAT-0888;C02;A:A;W1W1;A:A;M2M2;A:A;W3W3;T:T;W4W4;A:A;W5W5;M2M2;M2M2
24__009049;RAT-0854DD18;RAT-0854;D02;A:A;W1W1;T:T;W2W2;A:A;W3W3;T:T;W4W4;A:A;W5W5;WW;WW
24__009050;RAT-0858DL76;RAT-0858;E02;A:A;W1W1;T:T;W2W2;A:A;W3W3;T:T;W4W4;A:A;W5W5;WW;WW
24__009051;RAT-0852BE34;RAT-0852;F02;A:A;W1W1;T:T;W2W2;A:A;W3W3;T:T;W4W4;A:A;W5W5;WW;WW
24__009052;RAT-0889DE72;RAT-0889;G02;A:A;W1W1;A:T;M2W2;A:A;W3W3;T:T;W4W4;A:A;W5W5;M2W;M2W
24__009053;RAT-0878DD96;RAT-0878;H02;A:A;W1W1;T:T;W2W2;A:A;W3W3;T:T;W4W4;A:A;W5W5;WW;WW
24__009054;RAT-0869DD95;RAT-0869;A03;A:A;W1W1;T:T;W2W2;A:A;W3W3;T:T;W4W4;A:A;W5W5;WW;WW
24__009055;RAT-0880DL5;RAT-0880;B03;A:A;W1W1;T:T;W2W2;A:A;W3W3;T:T;W4W4;A:A;W5W5;WW;WW
24__009056;RAT-0856DL89;RAT-0856;C03;A:A;W1W1;T:T;W2W2;A:A;W3W3;T:T;W4W4;A:A;W5W5;WW;WW
24__009057;RAT-0855DL83;RAT-0855;D03;A:A;W1W1;T:T;W2W2;A:A;W3W3;T:T;W4W4;A:A;W5W5;WW;WW
24__009058;RAT-0252;RAT-0252;E03;A:A;W1W1;T:T;W2W2;A:A;W3W3;T:T;W4W4;A:A;W5W5;WW;WW
24__009059;RAT-0300;RAT-0300;F03;A:A;W1W1;T:T;W2W2;A:A;W3W3;T:T;W4W4;A:A;W5W5;WW;WW
24__009060;RAT-0001;RAT-0001;G03;A:A;W1W1;T:T;W2W2;A:A;W3W3;T:T;W4W4;A:A;W5W5;WW;WW
24__009061;RAT-0005;RAT-0005;H03;A:A;W1W1;A:T;M2W2;A:A;W3W3;T:T;W4W4;A:A;W5W5;M2W;M2W
24__009062;RAT-0006;RAT-0006;A04;A:A;W1W1;A:T;M2W2;A:A;W3W3;T:T;W4W4;A:A;W5W5;M2W;M2W
24__009063;RAT-0008;RAT-0008;B04;A:A;W1W1;A:T;M2W2;A:A;W3W3;T:T;W4W4;A:A;W5W5;M2W;M2W
24__009064;RAT-0009;RAT-0009;C04;A:A;W1W1;T:T;W2W2;A:A;W3W3;T:T;W4W4;A:A;W5W5;WW;WW
24__009065;RAT-0011;RAT-0011;D04;A:A;W1W1;T:T;W2W2;A:A;W3W3;T:T;W4W4;A:A;W5W5;WW;WW
24__009066;RAT-0012;RAT-0012;E04;A:A;W1W1;T:T;W2W2;A:A;W3W3;T:T;W4W4;A:A;W5W5;WW;WW
24__009067;RAT-0015;RAT-0015;F04;A:A;W1W1;T:T;W2W2;A:A;W3W3;T:T;W4W4;A:A;W5W5;WW;WW
24__009068;RAT-0019;RAT-0019;G04;A:A;W1W1;T:T;W2W2;A:A;W3W3;T:T;W4W4;A:A;W5W5;WW;WW
24__009069;RAT-0023;RAT-0023;H04;A:A;W1W1;T:T;W2W2;A:A;W3W3;T:T;W4W4;A:A;W5W5;WW;WW
24__009070;RAT-0089;RAT-0089;A05;T:T;M1M1;T:T;W2W2;?;;T:T;W4W4;?;?;M1M1;M1M1?
24__009071;RAT-0087;RAT-0087;B05;T:T;M1M1;T:T;W2W2;?;;T:T;W4W4;?;?;M1M1;M1M1?
24__009072;RAT-0096;RAT-0096;C05;A:A;W1W1;T:T;W2W2;A:A;W3W3;T:T;W4W4;A:A;W5W5;WW;WW
24__009073;RAT-0095;RAT-0095;D05;T:A;M1W1;T:T;W2W2;A:A;W3W3;T:T;W4W4;A:A;W5W5;M1W;M1W
24__009074;RAT-0094;RAT-0094;F05;T:T;M1M1;T:T;W2W2;?;;T:T;W4W4;?;?;M1M1;M1M1?
24__009075;RAT-0093;RAT-0093;G05;T:T;M1M1;T:T;W2W2;?;;T:T;W4W4;?;?;M1M1;M1M1?
24__009076;RAT-0097;RAT-0097;H05;A:A;W1W1;T:T;W2W2;A:A;W3W3;T:T;W4W4;A:A;W5W5;WW;WW
24__009077;RAT-0090;RAT-0090;A06;T:T;M1M1;T:T;W2W2;?;;T:T;W4W4;?;?;M1M1;M1M1?
24__009078;RAT-0099;RAT-0099;B06;A:A;W1W1;T:T;W2W2;A:A;W3W3;T:T;W4W4;A:A;W5W5;WW;WW
24__009079;RAT-0082;RAT-0082;C06;A:A;W1W1;T:T;W2W2;A:A;W3W3;T:T;W4W4;A:A;W5W5;WW;WW
24__009080;RAT-0091;RAT-0091;D06;T:T;M1M1;T:T;W2W2;?;;T:T;W4W4;?;?;M1M1;M1M1?
24__009081;RAT-0085;RAT-0085;E06;T:A;M1W1;T:T;W2W2;A:A;W3W3;T:T;W4W4;A:A;W5W5;M1W;M1W
24__009082;RAT-0083;RAT-0083;F06;A:A;W1W1;T:T;W2W2;A:A;W3W3;T:T;W4W4;A:A;W5W5;WW;WW
24__009083;RAT-0084;RAT-0084;G06;A:A;W1W1;T:T;W2W2;A:A;W3W3;T:T;W4W4;A:A;W5W5;WW;WW
24__009084;RAT-0092;RAT-0092;H06;T:A;M1W1;T:T;W2W2;A:A;W3W3;T:T;W4W4;A:A;W5W5;M1W;M1W
24__009085;RAT-0100;RAT-0100;A07;T:A;M1W1;T:T;W2W2;A:A;W3W3;T:T;W4W4;A:A;W5W5;M1W;M1W
24__009086;RAT-098;RAT-0980;B07;A:A;W1W1;T:T;W2W2;A:A;W3W3;T:T;W4W4;A:A;W5W5;WW;WW
24__009087;RAT-0088;RAT-0088;C07;T:T;M1M1;T:T;W2W2;?;;T:T;W4W4;?;?;M1M1;M1M1?
24__009088;RAT-0086;RAT-0086;D07;A:A;W1W1;T:T;W2W2;A:A;W3W3;T:T;W4W4;A:A;W5W5;WW;WW
24__009089;RAT-0774;RAT-0774;E07;T:A;M1W1;T:T;W2W2;A:A;W3W3;T:T;W4W4;A:A;W5W5;M1W;M1W
24__009090;RAT-0770;RAT-0770;F07;A:A;W1W1;T:T;W2W2;A:A;W3W3;T:T;W4W4;A:A;W5W5;WW;WW
24__009091;RAT-0777;RAT-0777;G07;A:A;W1W1;T:T;W2W2;A:A;W3W3;T:T;W4W4;A:A;W5W5;WW;WW
24__009092;RAT-0822;RAT-0822;H07;A:A;W1W1;A:A;M2M2;A:A;W3W3;T:T;W4W4;A:A;W5W5;M2M2;M2M2
24__009093;RAT-0824;RAT-0824;A08;A:A;W1W1;T:T;W2W2;A:A;W3W3;T:T;W4W4;A:A;W5W5;WW;WW
24__009094;RAT-0768;RAT-0768;B08;T:A;M1W1;T:T;W2W2;A:A;W3W3;T:T;W4W4;A:A;W5W5;M1W;M1W
24__009095;RAT-0786;RAT-0786;C08;T:A;M1W1;T:T;W2W2;A:A;W3W3;T:T;W4W4;A:A;W5W5;M1W;M1W
24__009096;RAT-0778;RAT-0778;D08;A:A;W1W1;A:T;M2W2;A:A;W3W3;T:T;W4W4;A:A;W5W5;M2W;M2W
24__009097;RAT-0771;RAT-0771;E08;T:A;M1W1;T:T;W2W2;A:A;W3W3;T:T;W4W4;A:A;W5W5;M1W;M1W
24__009098;RAT-0766;RAT-0766;F08;T:A;M1W1;T:T;W2W2;A:A;W3W3;T:T;W4W4;A:A;W5W5;M1W;M1W
24__009099;RAT-0772;RAT-0772;G08;A:A;W1W1;T:T;W2W2;A:A;W3W3;T:T;W4W4;A:A;W5W5;WW;WW
24__009100;RAT-0837;RAT-0837;H08;T:A;M1W1;T:T;W2W2;A:A;W3W3;T:T;W4W4;A:A;W5W5;M1W;M1W
24__009101;RAT-0838;RAT-0838;A09;T:A;M1W1;T:T;W2W2;A:A;W3W3;T:T;W4W4;A:A;W5W5;M1W;M1W
24__009102;RAT-0787;RAT-0787;B09;T:T;M1M1;T:T;W2W2;?;;T:T;W4W4;?;?;M1M1;M1M1?
24__009103;RAT-0834;RAT-0834;C09;T:A;M1W1;T:T;W2W2;A:A;W3W3;T:T;W4W4;A:A;W5W5;M1W;M1W
24__009104;RAT-0782;RAT-0782;D09;A:A;W1W1;A:T;M2W2;A:A;W3W3;T:T;W4W4;A:A;W5W5;M2W;M2W
24__009105;RAT-0788;RAT-0788;E09;A:A;W1W1;A:A;M2M2;A:A;W3W3;T:T;W4W4;A:A;W5W5;M2M2;M2M2
24__009106;RAT-0781;RAT-0781;F09;A:A;W1W1;T:T;W2W2;A:A;W3W3;T:T;W4W4;A:A;W5W5;WW;WW
24__009107;RAT-0769;RAT-0769;G09;A:A;W1W1;T:T;W2W2;A:A;W3W3;T:T;W4W4;A:A;W5W5;WW;WW
24__009108;RAT-0829;RAT-0829;H09;T:T;M1M1;T:T;W2W2;?;;T:T;W4W4;?;?;M1M1;M1M1?
24__009109;RAT-0783;RAT-0783;A10;A:A;W1W1;T:T;W2W2;A:A;W3W3;T:T;W4W4;A:A;W5W5;WW;WW
24__009110;RAT-0831;RAT-0831;B10;T:A;M1W1;T:T;W2W2;A:A;W3W3;T:T;W4W4;A:A;W5W5;M1W;M1W
24__009111;RAT-0832;RAT-0832;C10;A:A;W1W1;T:T;W2W2;A:A;W3W3;T:T;W4W4;A:A;W5W5;WW;WW
24__009112;RAT-0826;RAT-0826;D10;A:A;W1W1;T:T;W2W2;A:A;W3W3;T:T;W4W4;A:A;W5W5;WW;WW
24__009113;RAT-0823;RAT-0823;E10;T:T;M1M1;T:T;W2W2;?;;T:T;W4W4;?;?;M1M1;M1M1?
24__009114;RAT-0780;RAT-0780;F10;A:A;W1W1;A:T;M2W2;A:A;W3W3;T:T;W4W4;A:A;W5W5;M2W;M2W
24__009115;RAT-0775;RAT-0775;G10;A:A;W1W1;T:T;W2W2;A:A;W3W3;T:T;W4W4;A:A;W5W5;WW;WW
24__009116;RAT-0825;RAT-0825;H10;A:A;W1W1;T:T;W2W2;A:A;W3W3;T:T;W4W4;A:A;W5W5;WW;WW
24__009117;RAT-0830;RAT-0830;A11;A:A;W1W1;T:T;W2W2;A:A;W3W3;T:T;W4W4;A:A;W5W5;WW;WW
24__009118;RAT-0773;RAT-0773;B11;A:A;W1W1;T:T;W2W2;A:A;W3W3;T:T;W4W4;A:A;W5W5;WW;WW
24__009119;RAT-0785;RAT-0785;C11;T:A;M1W1;T:T;W2W2;A:A;W3W3;T:T;W4W4;A:A;W5W5;M1W;M1W
24__009120;RAT-0789;RAT-0789;D11;T:A;M1W1;T:T;W2W2;A:A;W3W3;T:T;W4W4;A:A;W5W5;M1W;M1W
24__009121;RAT-0839;RAT-0839;E11;A:A;W1W1;T:T;W2W2;A:A;W3W3;T:T;W4W4;A:A;W5W5;WW;WW
24__009122;RAT-0784;RAT-0784;F11;T:T;M1M1;T:T;W2W2;?;;T:T;W4W4;?;?;M1M1;M1M1?
24__009123;RAT-0806;RAT-0806;G11;T:A;M1W1;A:T;M2W2;A:A;W3W3;T:T;W4W4;A:A;W5W5;SPECIAAL;SPECIAAL
24__009124;RAT-0805;RAT-0805;H11;T:A;M1W1;A:T;M2W2;A:A;W3W3;T:T;W4W4;A:A;W5W5;SPECIAAL;SPECIAAL
24__009125;RAT-0807;RAT-0807;A12;A:A;;?;;A:A;;?;;?;;MissingData;MissingData
24__009126;RAT-0804;RAT-0804;B12;A:A;W1W1;A:A;M2M2;A:A;W3W3;T:T;W4W4;A:A;W5W5;M2M2;M2M2
24__009127;RAT-0816ML26;RAT-0816;C12;T:A;M1W1;T:T;W2W2;A:A;W3W3;T:T;W4W4;A:A;W5W5;M1W;M1W
24__009128;RAT-0819ML36;RAT-0819;D12;T:T;M1M1;T:T;W2W2;?;;T:T;W4W4;?;?;M1M1;M1M1?
24__009129;RAT-0814ML45;RAT-0814;E12;T:T;M1M1;T:T;W2W2;?;;T:T;W4W4;?;?;M1M1;M1M1?
24__009130;RAT-0791;RAT-0791;F12;A:A;W1W1;A:T;M2W2;A:A;W3W3;T:T;W4W4;A:A;W5W5;M2W;M2W
24__009131;RAT-0792;RAT-0792;G12;A:A;W1W1;A:A;M2M2;A:A;W3W3;T:T;W4W4;A:A;W5W5;M2M2;M2M2
24__009132;RAT-0794;RAT-0794;A06;A:A;W1W1;A:A;M2M2;A:A;W3W3;T:T;W4W4;A:A;W5W5;M2M2;M2M2
24__009133;RAT-0793;RAT-0793;A01;A:A;W1W1;A:T;M2W2;A:A;W3W3;T:T;W4W4;A:A;W5W5;M2W;M2W
24__009134;RAT-0803;RAT-0803;B01;A:A;W1W1;A:A;M2M2;A:A;W3W3;T:T;W4W4;A:A;W5W5;M2M2;M2M2
24__009135;RAT-0802;RAT-0802;C01;A:A;W1W1;A:T;M2W2;A:A;W3W3;T:T;W4W4;A:A;W5W5;M2W;M2W
24__009136;RAT-0811;RAT-0811;D01;A:A;W1W1;T:T;W2W2;A:A;W3W3;T:T;W4W4;A:A;W5W5;WW;WW
24__009137;RAT-0808;RAT-0808;E01;A:A;W1W1;A:A;M2M2;A:A;W3W3;T:T;W4W4;A:A;W5W5;M2M2;M2M2
24__009138;RAT-0809;RAT-0809;F01;A:A;W1W1;T:T;W2W2;A:A;W3W3;T:T;W4W4;A:A;W5W5;WW;WW
24__009139;RAT-0810;RAT-0810;G01;A:A;W1W1;T:T;W2W2;A:A;W3W3;T:T;W4W4;A:A;W5W5;WW;WW
24__009140;RAT-0762;RAT-0762;H01;A:A;W1W1;T:T;W2W2;A:A;W3W3;T:T;W4W4;A:A;W5W5;WW;WW
24__009141;RAT-0763;RAT-0763;A02;A:A;W1W1;T:T;W2W2;A:A;W3W3;T:T;W4W4;A:A;W5W5;WW;WW
24__009142;RAT-0840;RAT-0840;B02;A:A;;T:T;;A:A;;T:T;;?;;MissingData;WW
24__009143;RAT-0841;RAT-0841;C02;A:A;;T:T;;A:A;;?;;?;;MissingData;WW
24__009144;RAT-0812ML27;RAT-0812;D02;T:A;M1W1;T:T;W2W2;A:A;W3W3;T:T;W4W4;A:A;W5W5;M1W;M1W
24__009145;RAT-0818ML22;RAT-0818;E02;T:T;M1M1;T:T;W2W2;?;;T:T;W4W4;?;?;M1M1;M1M1?
24__009146;RAT-0820ML38;RAT-0820;F02;T:T;M1M1;T:T;W2W2;?;;T:T;W4W4;?;?;M1M1;M1M1?
24__009147;RAT-0815ML29;RAT-0815;G02;A:A;W1W1;T:T;W2W2;A:A;W3W3;T:T;W4W4;A:A;W5W5;WW;WW
24__009148;RAT-0817ML35;RAT-0817;H02;T:A;M1W1;T:T;W2W2;A:A;W3W3;T:T;W4W4;A:A;W5W5;M1W;M1W
24__009149;RAT-0813ML28;RAT-0813;A03;T:A;M1W1;T:T;W2W2;A:A;W3W3;T:T;W4W4;A:A;W5W5;M1W;M1W
24__009150;RAT-1082;RAT-1082;B03;T:T;M1M1;T:T;W2W2;?;;T:T;W4W4;?;?;M1M1;M1M1?
24__009151;RAT-1130;RAT-1130;C03;T:A;M1W1;T:T;W2W2;A:A;W3W3;T:T;W4W4;A:A;W5W5;M1W;M1W
24__009152;RAT-1070;RAT-1070;D03;T:T;M1M1;T:T;W2W2;?;;T:T;W4W4;?;?;M1M1;M1M1?
24__009153;RAT-1077;RAT-1077;E03;T:T;M1M1;T:T;W2W2;?;;T:T;W4W4;?;?;M1M1;M1M1?
24__009154;RAT-1136;RAT-1136;F03;T:T;M1M1;T:T;W2W2;?;;T:T;W4W4;?;?;M1M1;M1M1?
24__009155;RAT-1154;RAT-1154;G03;T:T;M1M1;T:T;W2W2;?;;T:T;W4W4;?;?;M1M1;M1M1?
24__009156;RAT-1112;RAT-1112;H03;?;;T:T;;?;;?;;A:A;;MissingData;MissingData
24__009157;RAT-1149;RAT-1149;A04;?;?;?;?;?;?;?;?;?;?;NoData;NoData
24__009158;RAT-1132;RAT-1132;B04;T:T;M1M1;T:T;W2W2;?;;T:T;W4W4;?;?;M1M1;M1M1?
24__009159;RAT-1063;RAT-1063;C04;T:A;M1W1;T:T;W2W2;A:A;W3W3;T:T;W4W4;A:A;W5W5;M1W;M1W
24__009160;RAT-1160;RAT-1160;D04;T:A;M1W1;T:T;W2W2;A:A;W3W3;T:T;W4W4;A:A;W5W5;M1W;M1W
24__009161;RAT-1080;RAT-1080;E04;T:T;M1M1;T:T;W2W2;?;;T:T;W4W4;?;?;M1M1;M1M1?
24__009162;RAT-1155;RAT-1155;F04;T:A;M1W1;T:T;W2W2;A:A;W3W3;T:T;W4W4;A:A;W5W5;M1W;M1W
24__009163;RAT-1127;RAT-1127;G04;T:A;M1W1;T:T;W2W2;A:A;W3W3;T:T;W4W4;A:A;W5W5;M1W;M1W
24__009164;RAT-1083;RAT-1083;H04;T:T;M1M1;T:T;W2W2;?;;T:T;W4W4;?;?;M1M1;M1M1?
24__009165;RAT-1144;RAT-1144;A05;T:T;M1M1;T:T;W2W2;?;;T:T;W4W4;?;?;M1M1;M1M1?
24__009166;RAT-1138;RAT-1138;B05;?;?;?;?;?;?;?;?;?;?;NoData;NoData
24__009167;RAT-1104;RAT-1104;C05;T:T;M1M1;T:T;W2W2;?;;T:T;W4W4;?;?;M1M1;M1M1?
24__009168;RAT-1087;RAT-1087;D05;T:T;M1M1;T:T;W2W2;?;;T:T;W4W4;?;?;M1M1;M1M1?
24__009169;RAT-1065;RAT-1065;F05;T:T;M1M1;T:T;W2W2;?;;T:T;W4W4;?;?;M1M1;M1M1?
24__009170;RAT-1134;RAT-1134;G05;A:A;W1W1;T:T;W2W2;A:A;W3W3;T:T;W4W4;A:A;W5W5;WW;WW
24__009171;RAT-1115;RAT-1115;H05;A:A;W1W1;T:T;W2W2;A:A;W3W3;T:T;W4W4;A:A;W5W5;WW;WW
24__009172;RAT-1151;RAT-1151;A06;T:T;M1M1;T:T;W2W2;?;;T:T;W4W4;?;?;M1M1;M1M1?
24__009173;RAT-1125;RAT-1125;B06;T:T;M1M1;T:T;W2W2;?;;T:T;W4W4;?;?;M1M1;M1M1?
24__009174;RAT-1097;RAT-1097;C06;T:A;M1W1;T:T;W2W2;A:A;W3W3;T:T;W4W4;A:A;W5W5;M1W;M1W
24__009175;RAT-1096;RAT-1096;D06;T:T;M1M1;T:T;W2W2;?;;T:T;W4W4;?;?;M1M1;M1M1?
24__009176;RAT-1108;RAT-1108;E06;T:T;M1M1;T:T;W2W2;?;;T:T;W4W4;?;?;M1M1;M1M1?
24__009177;RAT-1140;RAT-1140;F06;T:T;M1M1;T:T;W2W2;?;;T:T;W4W4;?;?;M1M1;M1M1?
24__009178;RAT-1162;RAT-1162;G06;T:T;M1M1;T:T;W2W2;?;;T:T;W4W4;?;?;M1M1;M1M1?
24__009179;RAT-1152;RAT-1152;H06;T:T;M1M1;T:T;W2W2;?;;T:T;W4W4;?;?;M1M1;M1M1?
24__009180;RAT-1137;RAT-1137;A07;T:T;M1M1;T:T;W2W2;?;;T:T;W4W4;?;?;M1M1;M1M1?
24__009181;RAT-1069;RAT-1069;B07;T:A;M1W1;T:T;W2W2;A:A;W3W3;T:T;W4W4;A:A;W5W5;M1W;M1W
24__009182;RAT-1089;RAT-1089;C07;T:T;M1M1;T:T;W2W2;?;;T:T;W4W4;?;?;M1M1;M1M1?
24__009183;RAT-1108;RAT-1108;D07;A:A;W1W1;T:T;W2W2;A:A;W3W3;T:T;W4W4;A:A;W5W5;WW;WW
24__009184;RAT-1141;RAT-1141;E07;T:T;M1M1;T:T;W2W2;?;;T:T;W4W4;?;?;M1M1;M1M1?
24__009185;RAT-1062;RAT-1062;F07;T:A;M1W1;T:T;W2W2;A:A;W3W3;T:T;W4W4;A:A;W5W5;M1W;M1W
24__009186;RAT-1145;RAT-1145;G07;T:T;M1M1;T:T;W2W2;?;;T:T;W4W4;?;?;M1M1;M1M1?
24__009187;RAT-1124;RAT-1124;H07;T:A;M1W1;T:T;W2W2;A:A;W3W3;T:T;W4W4;A:A;W5W5;M1W;M1W
24__009188;RAT-1090;RAT-1090;A08;T:T;M1M1;T:T;W2W2;?;;T:T;W4W4;?;?;M1M1;M1M1?
24__009189;RAT-1142;RAT-1142;B08;T:A;M1W1;T:T;W2W2;A:A;W3W3;T:T;W4W4;A:A;W5W5;M1W;M1W
24__009190;RAT-1114;RAT-1114;C08;A:A;W1W1;T:T;W2W2;A:A;W3W3;T:T;W4W4;A:A;W5W5;WW;WW
24__009191;RAT-1147;RAT-1147;D08;T:T;M1M1;T:T;W2W2;?;;T:T;W4W4;?;?;M1M1;M1M1?
24__009192;RAT-1163;RAT-1163;E08;A:A;W1W1;T:T;W2W2;A:A;W3W3;T:T;W4W4;A:A;W5W5;WW;WW
24__009193;RAT-1061;RAT-1061;F08;T:A;M1W1;T:T;W2W2;A:A;W3W3;T:T;W4W4;A:A;W5W5;M1W;M1W
24__009194;RAT-1123;RAT-1123;G08;T:T;M1M1;T:T;W2W2;?;;T:T;W4W4;?;?;M1M1;M1M1?
24__009195;RAT-1161;RAT-1161;H08;T:T;M1M1;T:T;W2W2;?;;T:T;W4W4;?;?;M1M1;M1M1?
24__009196;RAT-1075;RAT-1075;A09;T:A;M1W1;T:T;W2W2;A:A;W3W3;T:T;W4W4;A:A;W5W5;M1W;M1W
24__009197;RAT-1101;RAT-1101;B09;T:A;M1W1;T:T;W2W2;A:A;W3W3;T:T;W4W4;A:A;W5W5;M1W;M1W
24__009198;RAT-1148;RAT-1148;C09;A:A;W1W1;T:T;W2W2;A:A;W3W3;T:T;W4W4;A:A;W5W5;WW;WW
24__009199;RAT-1135;RAT-1135;D09;T:A;M1W1;T:T;W2W2;A:A;W3W3;T:T;W4W4;A:A;W5W5;M1W;M1W
24__009200;RAT-1121;RAT-1121;E09;A:A;W1W1;T:T;W2W2;A:A;W3W3;T:T;W4W4;A:A;W5W5;WW;WW
24__009201;RAT-1128;RAT-1128;F09;A:A;W1W1;T:T;W2W2;A:A;W3W3;T:T;W4W4;A:A;W5W5;WW;WW
24__009202;RAT-1156;RAT-1156;G09;A:A;W1W1;T:T;W2W2;A:A;W3W3;T:T;W4W4;A:A;W5W5;WW;WW
24__009203;RAT-1076;RAT-1076;H09;T:A;M1W1;T:T;W2W2;A:A;W3W3;T:T;W4W4;A:A;W5W5;M1W;M1W
24__009204;RAT-1068;RAT-1068;A10;T:A;M1W1;T:T;W2W2;A:A;W3W3;T:T;W4W4;A:A;W5W5;M1W;M1W
24__009205;RAT-1143;RAT-1143;B10;T:T;M1M1;T:T;W2W2;?;;T:T;W4W4;?;?;M1M1;M1M1?
24__009206;RAT-1098;RAT-1098;C10;T:T;M1M1;T:T;W2W2;?;;T:T;W4W4;?;?;M1M1;M1M1?
24__009207;RAT-1106;RAT-1106;D10;T:T;M1M1;T:T;W2W2;?;;T:T;W4W4;?;?;M1M1;M1M1?
24__009208;RAT-1150;RAT-1150;E10;T:A;M1W1;T:T;W2W2;A:A;W3W3;T:T;W4W4;A:A;W5W5;M1W;M1W
24__009209;RAT-1105;RAT-1105;F10;T:T;M1M1;T:T;W2W2;?;;T:T;W4W4;?;?;M1M1;M1M1?
24__009210;RAT-1157;RAT-1157;G10;T:A;M1W1;T:T;W2W2;A:A;W3W3;T:T;W4W4;A:A;W5W5;M1W;M1W
24__009211;RAT-1086;RAT-1086;H10;T:A;M1W1;T:T;W2W2;A:A;W3W3;T:T;W4W4;A:A;W5W5;M1W;M1W
24__009212;RAT-1129;RAT-1129;A11;T:T;M1M1;T:T;W2W2;?;;T:T;W4W4;?;?;M1M1;M1M1?
24__009213;RAT-1084;RAT-1084;B11;T:A;M1W1;T:T;W2W2;A:A;W3W3;T:T;W4W4;A:A;W5W5;M1W;M1W
24__009214;RAT-1091;RAT-1091;C11;T:T;M1M1;T:T;W2W2;?;;T:T;W4W4;?;?;M1M1;M1M1?
24__009215;RAT-1078;RAT-1078;D11;T:A;M1W1;T:T;W2W2;A:A;W3W3;T:T;W4W4;A:A;W5W5;M1W;M1W
24__009216;RAT-1099;RAT-1099;E11;T:T;M1M1;T:T;W2W2;?;;T:T;W4W4;?;?;M1M1;M1M1?
24__009217;RAT-1071;RAT-1071;F11;T:A;M1W1;T:T;W2W2;A:A;W3W3;T:T;W4W4;A:A;W5W5;M1W;M1W
24__009218;RAT-1085;RAT-1085;G11;T:T;M1M1;T:T;W2W2;?;;T:T;W4W4;?;?;M1M1;M1M1?
24__009219;RAT-1092;RAT-1092;H11;T:A;M1W1;T:T;W2W2;A:A;W3W3;T:T;W4W4;A:A;W5W5;M1W;M1W
24__009220;RAT-1079;RAT-1079;A12;?;?;?;?;?;?;?;?;?;?;NoData;NoData
24__009221;RAT-1072;RAT-1072;B12;?;;T:T;;?;;?;;?;;MissingData;MissingData
24__009222;RAT-1159;RAT-1159;C12;T:A;M1W1;T:T;W2W2;A:A;W3W3;T:T;W4W4;A:A;W5W5;M1W;M1W
24__009223;RAT-1107;RAT-1107;D12;T:A;M1W1;T:T;W2W2;A:A;W3W3;T:T;W4W4;A:A;W5W5;M1W;M1W
24__009224;RAT-1064;RAT-1064;E12;T:T;M1M1;T:T;W2W2;?;;T:T;W4W4;?;?;M1M1;M1M1?
24__009225;RAT-1103;RAT-1103;F12;T:A;M1W1;T:T;W2W2;A:A;W3W3;T:T;W4W4;A:A;W5W5;M1W;M1W
24__009226;RAT-1094;RAT-1094;G12;A:A;W1W1;T:T;W2W2;A:A;W3W3;T:T;W4W4;A:A;W5W5;WW;WW
24__009227;RAT-1093;RAT-1093;B06;T:A;M1W1;T:T;W2W2;A:A;W3W3;T:T;W4W4;A:A;W5W5;M1W;M1W
24__009228;RAT-1113;RAT-1113;A01;T:T;M1M1;T:T;W2W2;?;;T:T;W4W4;?;?;M1M1;M1M1?
24__009229;RAT-1120;RAT-1120;B01;T:T;M1M1;T:T;W2W2;?;;T:T;W4W4;?;?;M1M1;M1M1?
24__009230;RAT-0752;RAT-0752;C01;T:A;M1W1;T:T;W2W2;A:A;W3W3;T:T;W4W4;A:A;W5W5;M1W;M1W
24__009231;RAT-1102;RAT-1102;D01;T:T;M1M1;T:T;W2W2;?;;T:T;W4W4;?;?;M1M1;M1M1?
24__009232;RAT-1095;RAT-1095;E01;T:A;M1W1;T:T;W2W2;A:A;W3W3;T:T;W4W4;A:A;W5W5;M1W;M1W
24__009233;RAT-0751;RAT-0751;F01;A:A;W1W1;T:T;W2W2;A:A;W3W3;T:T;W4W4;A:A;W5W5;WW;WW
24__009234;RAT-1111;RAT-1111;G01;T:T;M1M1;T:T;W2W2;?;;T:T;W4W4;?;?;M1M1;M1M1?
24__009235;RAT-1126;RAT-1126;H01;T:A;;?;;A:A;;T:T;;A:A;;MissingData;MissingData
24__009236;RAT-1139;RAT-1139;A02;T:T;M1M1;T:T;W2W2;?;;T:T;W4W4;?;?;M1M1;M1M1?
24__009237;RAT-1146;RAT-1146;B02;T:T;M1M1;T:T;W2W2;?;;T:T;W4W4;?;?;M1M1;M1M1?
24__009238;RAT-1153;RAT-1153;C02;T:T;M1M1;T:T;W2W2;?;;T:T;W4W4;?;?;M1M1;M1M1?
24__009239;RAT-1119;RAT-1119;D02;T:T;M1M1;T:T;W2W2;?;;T:T;W4W4;?;?;M1M1;M1M1?
24__009240;RAT-1133;RAT-1133;E02;T:T;M1M1;T:T;W2W2;?;;T:T;W4W4;?;?;M1M1;M1M1?
24__009241;RAT-0756;RAT-0756;F02;T:T;M1M1;T:T;W2W2;?;;T:T;W4W4;?;?;M1M1;M1M1?
24__009242;RAT-0757;RAT-0757;G02;A:A;W1W1;T:T;W2W2;A:A;W3W3;T:T;W4W4;A:A;W5W5;WW;WW
24__009243;RAT-0748;RAT-0748;H02;A:A;W1W1;T:T;W2W2;A:A;W3W3;T:T;W4W4;A:A;W5W5;WW;WW
24__009244;RAT-0753;RAT-0753;A03;A:A;W1W1;T:T;W2W2;A:A;W3W3;T:T;W4W4;A:A;W5W5;WW;WW
24__009245;RAT-0749;RAT-0749;B03;A:A;W1W1;T:T;W2W2;A:A;W3W3;T:T;W4W4;A:A;W5W5;WW;WW
24__009246;RAT-0758;RAT-0758;C03;T:A;M1W1;T:T;W2W2;A:A;W3W3;T:T;W4W4;A:A;W5W5;M1W;M1W
24__009247;RAT-0755;RAT-0755;D03;A:A;W1W1;T:T;W2W2;A:A;W3W3;T:T;W4W4;A:A;W5W5;WW;WW
24__009248;RAT-0754;RAT-0754;E03;A:A;W1W1;T:T;W2W2;A:A;W3W3;T:T;W4W4;A:A;W5W5;WW;WW
24__009249;RAT-0759;RAT-0759;F03;T:T;M1M1;T:T;W2W2;?;;T:T;W4W4;?;?;M1M1;M1M1?
24__009250;RAT-1122;RAT-1122;G03;A:A;W1W1;T:T;W2W2;A:A;W3W3;T:T;W4W4;A:A;W5W5;WW;WW
24__009251;RAT-0750;RAT-0750;H03;T:T;M1M1;T:T;W2W2;?;;T:T;W4W4;?;?;M1M1;M1M1?
24__009252;RAT-1100;RAT-1100;A04;A:A;W1W1;T:T;W2W2;A:A;W3W3;T:T;W4W4;A:A;W5W5;WW;WW
24__009253;RAT-1073;RAT-1073;B04;T:A;M1W1;T:T;W2W2;A:A;W3W3;T:T;W4W4;A:A;W5W5;M1W;M1W
24__010137;RAT-0983BE43;RAT-0983;C04;A:A;W1W1;T:T;W2W2;A:A;W3W3;T:T;W4W4;A:A;W5W5;WW;WW
24__010138;RAT-0931NE89;RAT-0931;D04;A:A;W1W1;T:T;W2W2;A:A;W3W3;T:T;W4W4;A:A;W5W5;WW;WW
24__010139;RAT-0976MA96;RAT-0976;E04;A:A;W1W1;T:T;W2W2;A:A;W3W3;T:T;W4W4;A:A;W5W5;WW;WW
24__010140;RAT-0957BE51;RAT-0957;F04;A:A;W1W1;A:T;M2W2;A:A;W3W3;T:T;W4W4;A:A;W5W5;M2W;M2W
24__010141;RAT-0954DL30;RAT-0954;G04;T:A;M1W1;T:T;W2W2;A:A;W3W3;T:T;W4W4;A:A;W5W5;M1W;M1W
24__010142;RAT-0932NE97;RAT-0932;H04;A:A;W1W1;T:T;W2W2;A:A;W3W3;T:T;W4W4;A:A;W5W5;WW;WW
24__010143;RAT-0948DL06;RAT-0948;A05;A:A;;T:T;;A:A;;T:T;;?;;MissingData;WW
24__010144;RAT-0941NE70;RAT-0941;B05;A:A;W1W1;T:T;W2W2;A:A;W3W3;T:T;W4W4;A:A;W5W5;WW;WW
24__010145;RAT-0958BE02;RAT-0958;C05;A:A;W1W1;T:T;W2W2;A:A;W3W3;T:T;W4W4;A:A;W5W5;WW;WW
24__010146;RAT-0984DL7;RAT-0984;D05;A:A;;T:T;;?;;T:T;;A:A;;MissingData;MissingData
24__010147;RAT-0947NE07;RAT-0947;F05;A:A;W1W1;T:T;W2W2;A:A;W3W3;T:T;W4W4;A:A;W5W5;WW;WW
24__010148;RAT-0970MA66;RAT-0970;G05;A:A;W1W1;T:T;W2W2;A:A;W3W3;T:T;W4W4;A:A;W5W5;WW;WW
24__010149;RAT-0981MA69;RAT-0981;H05;A:A;W1W1;T:T;W2W2;A:A;W3W3;T:T;W4W4;A:A;W5W5;WW;WW
24__010150;RAT-0951DL02;RAT-0951;A06;A:A;;?;;A:A;;?;;A:A;;MissingData;MissingData
24__010151;RAT-0974MA83;RAT-0974;B06;A:A;;?;;?;;?;;A:A;;MissingData;MissingData
24__010152;RAT-0937NE72;RAT-0937;C06;A:A;W1W1;T:T;W2W2;A:A;W3W3;T:T;W4W4;A:A;W5W5;WW;WW
24__010153;RAT-0955DL31;RAT-0955;D06;A:A;;T:T;;?;;T:T;;A:A;;MissingData;MissingData
24__010154;RAT-0959BE66;RAT-0959;E06;A:A;W1W1;T:T;W2W2;A:A;W3W3;T:T;W4W4;A:A;W5W5;WW;WW
24__010155;RAT-0950NE13;RAT-0950;F06;A:A;W1W1;T:T;W2W2;A:A;W3W3;T:T;W4W4;A:A;W5W5;WW;WW
24__010156;RAT-0977MA97;RAT-0977;G06;A:A;W1W1;A:T;M2W2;A:A;W3W3;T:T;W4W4;A:A;W5W5;M2W;M2W
24__010157;RAT-0936NE71;RAT-0936;H06;A:A;;T:T;;A:A;;?;;?;;MissingData;WW
24__011986;RAT-0940NE86;RAT-0940;A07;A:A;W1W1;T:T;W2W2;A:A;W3W3;T:T;W4W4;A:A;W5W5;WW;WW
24__011987;RAT-0949NE10;RAT-0949;B07;A:A;W1W1;T:T;W2W2;A:A;W3W3;T:T;W4W4;A:A;W5W5;WW;WW
24__011988;RAT-0969MA65;RAT-0969;C07;A:A;W1W1;T:T;W2W2;A:A;W3W3;T:T;W4W4;A:A;W5W5;WW;WW
24__011989;RAT-0952DL03;RAT-0952;D07;A:A;W1W1;A:T;M2W2;A:A;W3W3;T:T;W4W4;A:A;W5W5;M2W;M2W
24__011990;RAT-0938NE84;RAT-0938;E07;A:A;W1W1;T:T;W2W2;A:A;W3W3;T:T;W4W4;A:A;W5W5;WW;WW
24__011991;RAT-0942NE69;RAT-0942;F07;A:A;;T:T;;A:A;;?;;?;;MissingData;WW
24__011992;RAT-0943NE49;RAT-0943;G07;A:A;W1W1;T:T;W2W2;A:A;W3W3;T:T;W4W4;A:A;W5W5;WW;WW
24__011993;RAT-0152;RAT-0152;H07;A:A;W1W1;T:T;W2W2;A:A;W3W3;T:T;W4W4;A:A;W5W5;WW;WW
24__011994;RAT-0153;RAT-0153;A08;A:A;W1W1;T:T;W2W2;A:A;W3W3;T:T;W4W4;A:A;W5W5;WW;WW
24__012410;RAT-0181;RAT-0181;B08;T:A;M1W1;T:T;W2W2;A:A;W3W3;T:T;W4W4;A:A;W5W5;M1W;M1W
24__012411;RAT-0182;RAT-0182;C08;T:A;M1W1;T:T;W2W2;A:A;W3W3;T:T;W4W4;A:A;W5W5;M1W;M1W
24__012412;RAT-0183;RAT-0183;D08;T:A;M1W1;T:T;W2W2;A:A;W3W3;T:T;W4W4;A:A;W5W5;M1W;M1W
24__012413;RAT-0184;RAT-0184;E08;A:A;W1W1;T:T;W2W2;A:A;W3W3;T:T;W4W4;A:A;W5W5;WW;WW
24__012414;RAT-0185;RAT-0185;F08;A:A;W1W1;T:T;W2W2;A:A;W3W3;T:T;W4W4;A:A;W5W5;WW;WW
24__012415;RAT-0186;RAT-0186;G08;A:A;W1W1;T:T;W2W2;A:A;W3W3;T:T;W4W4;A:A;W5W5;WW;WW
24__012416;RAT-0187;RAT-0187;H08;A:A;W1W1;T:T;W2W2;A:A;W3W3;T:T;W4W4;A:A;W5W5;WW;WW
24__012417;RAT-0188;RAT-0188;A09;T:A;M1W1;T:T;W2W2;A:A;W3W3;T:T;W4W4;A:A;W5W5;M1W;M1W
24__012418;RAT-0189;RAT-0189;B09;T:A;M1W1;T:T;W2W2;A:A;W3W3;T:T;W4W4;A:A;W5W5;M1W;M1W
24__012419;RAT-0190;RAT-0190;C09;A:A;W1W1;T:T;W2W2;A:A;W3W3;T:T;W4W4;A:A;W5W5;WW;WW
24__012420;RAT-0191;RAT-0191;D09;T:T;;?;;?;;?;;?;;MissingData;MissingData
24__012421;RAT-0192;RAT-0192;E09;T:A;M1W1;T:T;W2W2;A:A;W3W3;T:T;W4W4;A:A;W5W5;M1W;M1W
24__012422;RAT-0193;RAT-0193;F09;T:T;M1M1;T:T;W2W2;?;;T:T;W4W4;?;?;M1M1;M1M1?
24__012423;RAT-0194;RAT-0194;G09;T:A;M1W1;T:T;W2W2;A:A;W3W3;T:T;W4W4;A:A;W5W5;M1W;M1W
24__012424;RAT-0195;RAT-0195;H09;A:A;W1W1;T:T;W2W2;A:A;W3W3;T:T;W4W4;A:A;W5W5;WW;WW
24__012425;RAT-0196;RAT-0196;A10;A:A;W1W1;T:T;W2W2;A:A;W3W3;T:T;W4W4;A:A;W5W5;WW;WW
24__012426;RAT-0197;RAT-0197;B10;A:A;W1W1;T:T;W2W2;A:A;W3W3;T:T;W4W4;A:A;W5W5;WW;WW
24__012427;RAT-0200;RAT-0200;C10;T:A;;T:T;;A:A;;?;;A:A;;MissingData;M1W
24__012428;RAT-0201;RAT-0201;D10;T:A;M1W1;T:T;W2W2;A:A;W3W3;T:T;W4W4;A:A;W5W5;M1W;M1W
24__012429;RAT-0202;RAT-0202;E10;T:A;M1W1;T:T;W2W2;A:A;W3W3;T:T;W4W4;A:A;W5W5;M1W;M1W
24__012430;RAT-0203;RAT-0203;F10;T:A;M1W1;T:T;W2W2;A:A;W3W3;T:T;W4W4;A:A;W5W5;M1W;M1W
24__012431;RAT-0204;RAT-0204;G10;T:A;M1W1;T:T;W2W2;A:A;W3W3;T:T;W4W4;A:A;W5W5;M1W;M1W
24__012432;RAT-0205;RAT-0205;H10;T:A;M1W1;T:T;W2W2;A:A;W3W3;T:T;W4W4;A:A;W5W5;M1W;M1W
24__012433;RAT-0206;RAT-0206;A11;T:A;M1W1;T:T;W2W2;A:A;W3W3;T:T;W4W4;A:A;W5W5;M1W;M1W
24__012434;RAT-0207;RAT-0207;B11;?;?;?;?;?;?;?;?;?;?;NoData;NoData
24__012435;RAT-0208;RAT-0208;C11;A:A;W1W1;T:T;W2W2;A:A;W3W3;T:T;W4W4;A:A;W5W5;WW;WW
24__012436;RAT-0209;RAT-0209;D11;T:T;M1M1;T:T;W2W2;?;;T:T;W4W4;?;?;M1M1;M1M1?
24__012437;RAT-0210;RAT-0210;E11;T:A;M1W1;T:T;W2W2;A:A;W3W3;T:T;W4W4;A:A;W5W5;M1W;M1W
24__012438;RAT-0591;RAT-0591;F11;A:A;W1W1;T:T;W2W2;A:A;W3W3;T:T;W4W4;A:A;W5W5;WW;WW
24__012439;RAT-0592;RAT-0592;G11;A:A;W1W1;T:T;W2W2;A:A;W3W3;T:T;W4W4;A:A;W5W5;WW;WW
24__012440;RAT-0593;RAT-0593;H11;?;;?;;?;;?;;A:A;;MissingData;MissingData
24__012441;RAT-0594;RAT-0594;A12;A:A;W1W1;T:T;W2W2;A:A;W3W3;T:T;W4W4;A:A;W5W5;WW;WW
24__012442;RAT-0595;RAT-0595;B12;A:A;W1W1;T:T;W2W2;A:A;W3W3;T:T;W4W4;A:A;W5W5;WW;WW
24__012443;RAT-0597;RAT-0597;C12;T:T;M1M1;T:T;W2W2;?;;T:T;W4W4;?;?;M1M1;M1M1?
24__012444;RAT-0598;RAT-0598;D12;A:A;W1W1;T:T;W2W2;A:A;W3W3;T:T;W4W4;A:A;W5W5;WW;WW
24__012445;RAT-0599;RAT-0599;E12;T:A;M1W1;T:T;W2W2;A:A;W3W3;T:T;W4W4;A:A;W5W5;M1W;M1W
24__012446;RAT-0600;RAT-0600;F12;A:A;W1W1;T:T;W2W2;A:A;W3W3;T:T;W4W4;A:A;W5W5;WW;WW
24__012447;RAT-0601;RAT-0601;G12;T:A;M1W1;T:T;W2W2;A:A;W3W3;T:T;W4W4;A:A;W5W5;M1W;M1W
24__012448;RAT-0605;RAT-0605;C06;T:T;M1M1;T:T;W2W2;?;;T:T;W4W4;?;?;M1M1;M1M1?
24__012449;RAT-0603;RAT-0603;A01;T:A;M1W1;T:T;W2W2;A:A;W3W3;T:T;W4W4;A:A;W5W5;M1W;M1W
24__012450;RAT-0604;RAT-0604;B01;A:A;W1W1;T:T;W2W2;A:A;W3W3;T:T;W4W4;A:A;W5W5;WW;WW
24__012451;RAT-0605;RAT-0605;C01;A:A;W1W1;T:T;W2W2;A:A;W3W3;T:T;W4W4;A:A;W5W5;WW;WW
BLANK;;;H12;NTC;;NTC;;NTC;;NTC;;NTC;;NoTemplateControl;NoTemplateControl
BLANK;;;H12;NTC;;NTC;;NTC;;NTC;;NTC;;NoTemplateControl;NoTemplateControl
BLANK;;;H12;NTC;;NTC;;NTC;;NTC;;NTC;;NoTemplateControl;NoTemplateControl
BLANK;;;H12;NTC;;NTC;;NTC;;NTC;;NTC;;NoTemplateControl;NoTemplateControl
BLANK;;;H12;NTC;;NTC;;NTC;;NTC;;NTC;;NoTemplateControl;NoTemplateControl
BLANK;;;H12;NTC;;NTC;;NTC;;NTC;;NTC;;NoTemplateControl;NoTemplateControl
BLANK;;;H12;NTC;;NTC;;NTC;;NTC;;NTC;;NoTemplateControl;NoTemplateControl
BLANK;;;H12;NTC;;NTC;;NTC;;NTC;;NTC;;NoTemplateControl;NoTemplateControl
BLANK;;;H12;NTC;;NTC;;NTC;;NTC;;NTC;;NoTemplateControl;NoTemplateControl
BLANK;;;H12;NTC;;NTC;;NTC;;NTC;;NTC;;NoTemplateControl;NoTemplateControl
BLANK;;;H12;NTC;;NTC;;NTC;;NTC;;NTC;;NoTemplateControl;NoTemplateControl
BLANK;;;H12;NTC;;NTC;;NTC;;NTC;;NTC;;NoTemplateControl;NoTemplateControl
D24__007588__1;RAT-1228;RAT-1228;B02;A:A;W1W1;T:T;W2W2;A:A;W3W3;T:T;W4W4;A:A;W5W5;WW;WW
D24__007635__1;RAT-1251;RAT-1251;C02;T:T;M1M1;T:T;W2W2;?;;T:T;W4W4;?;?;M1M1;M1M1?
D24__007708__1;RAT-0150;RAT-0150;D02;A:A;W1W1;T:T;W2W2;A:A;W3W3;T:T;W4W4;A:A;W5W5;WW;WW
D24__007746__1;RAT-0565;RAT-0565;E02;T:A;M1W1;T:T;W2W2;A:A;W3W3;T:T;W4W4;A:A;W5W5;M1W;M1W
D24__007806__1;RAT-0438;RAT-0438;F02;A:A;W1W1;T:T;W2W2;A:A;W3W3;T:T;W4W4;A:A;W5W5;WW;WW
D24__007807__1;RAT-0430;RAT-0430;G02;T:A;M1W1;T:T;W2W2;A:A;W3W3;T:T;W4W4;A:A;W5W5;M1W;M1W
D24__007854__1;RAT-0495;RAT-0495;H02;A:A;W1W1;A:T;M2W2;A:A;W3W3;T:T;W4W4;A:A;W5W5;M2W;M2W
D24__007931__1;RAT-0508;RAT-0508;A03;A:A;W1W1;T:T;W2W2;A:A;W3W3;T:T;W4W4;A:A;W5W5;WW;WW
D24__007999__1;RAT-0284;RAT-0284;B03;A:A;W1W1;T:T;W2W2;A:A;W3W3;T:T;W4W4;A:A;W5W5;WW;WW
D24__008019__1;RAT-0276;RAT-0276;C03;A:A;W1W1;T:T;W2W2;A:A;W3W3;T:T;W4W4;A:A;W5W5;WW;WW
D24__008090__1;RAT-0638;RAT-0638;D03;A:A;W1W1;T:T;W2W2;A:A;W3W3;T:T;W4W4;A:A;W5W5;WW;WW
D24__008091__1;RAT-0332;RAT-0332;E03;A:A;W1W1;T:T;W2W2;A:A;W3W3;T:T;W4W4;A:A;W5W5;WW;WW
D24__008957__1;RAT-2033;RAT-2033;F03;T:T;M1M1;T:T;W2W2;?;;T:T;W4W4;?;?;M1M1;M1M1?
D24__009016__1;RAT-0859DD56;RAT-0859;G03;A:A;W1W1;T:T;W2W2;A:A;W3W3;T:T;W4W4;A:A;W5W5;WW;WW
D24__009115__1;RAT-0775;RAT-0775;H03;A:A;W1W1;T:T;W2W2;A:A;W3W3;T:T;W4W4;A:A;W5W5;WW;WW
D24__009118__1;RAT-0773;RAT-0773;A04;A:A;W1W1;T:T;W2W2;A:A;W3W3;T:T;W4W4;A:A;W5W5;WW;WW
D24__009180__1;RAT-1137;RAT-1137;B04;T:T;M1M1;T:T;W2W2;?;;T:T;W4W4;?;?;M1M1;M1M1?
D24__009188__1;RAT-1090;RAT-1090;C04;T:T;M1M1;T:T;W2W2;?;;T:T;W4W4;?;?;M1M1;M1M1?
D24__009219__1;RAT-1092;RAT-1092;D04;T:A;M1W1;T:T;W2W2;A:A;W3W3;T:T;W4W4;A:A;W5W5;M1W;M1W
D24__009227__1;RAT-1093;RAT-1093;E04;T:A;M1W1;T:T;W2W2;A:A;W3W3;T:T;W4W4;A:A;W5W5;M1W;M1W
D24__009233__1;RAT-0751;RAT-0751;F04;A:A;W1W1;T:T;W2W2;A:A;W3W3;T:T;W4W4;A:A;W5W5;WW;WW
D24__009248__1;RAT-0754;RAT-0754;G04;A:A;W1W1;T:T;W2W2;A:A;W3W3;T:T;W4W4;A:A;W5W5;WW;WW
